,name,valenceValue_rounded,arousalValue_rounded,path,affect
400,ACCEDE07754,1.4,4.54,d:/optilab/synchrony/data/videoACCEDE07754.mp4,lowV_highA
401,ACCEDE07752,1.37,4.54,d:/optilab/synchrony/data/videoACCEDE07752.mp4,lowV_highA
402,ACCEDE08437,1.33,4.54,d:/optilab/synchrony/data/videoACCEDE08437.mp4,lowV_highA
403,ACCEDE02535,1.63,4.54,d:/optilab/synchrony/data/videoACCEDE02535.mp4,lowV_highA
404,ACCEDE07743,1.47,4.54,d:/optilab/synchrony/data/videoACCEDE07743.mp4,lowV_highA
405,ACCEDE07749,1.45,4.54,d:/optilab/synchrony/data/videoACCEDE07749.mp4,lowV_highA
406,ACCEDE07761,1.36,4.54,d:/optilab/synchrony/data/videoACCEDE07761.mp4,lowV_highA
407,ACCEDE02093,1.45,4.54,d:/optilab/synchrony/data/videoACCEDE02093.mp4,lowV_highA
408,ACCEDE02567,1.57,4.54,d:/optilab/synchrony/data/videoACCEDE02567.mp4,lowV_highA
409,ACCEDE02584,1.33,4.54,d:/optilab/synchrony/data/videoACCEDE02584.mp4,lowV_highA
410,ACCEDE02105,1.44,4.53,d:/optilab/synchrony/data/videoACCEDE02105.mp4,lowV_highA
411,ACCEDE07751,1.37,4.53,d:/optilab/synchrony/data/videoACCEDE07751.mp4,lowV_highA
412,ACCEDE00973,1.47,4.53,d:/optilab/synchrony/data/videoACCEDE00973.mp4,lowV_highA
413,ACCEDE02594,1.45,4.53,d:/optilab/synchrony/data/videoACCEDE02594.mp4,lowV_highA
414,ACCEDE02888,1.45,4.53,d:/optilab/synchrony/data/videoACCEDE02888.mp4,lowV_highA
415,ACCEDE02508,1.52,4.53,d:/optilab/synchrony/data/videoACCEDE02508.mp4,lowV_highA
416,ACCEDE07165,1.33,4.53,d:/optilab/synchrony/data/videoACCEDE07165.mp4,lowV_highA
417,ACCEDE02554,1.36,4.53,d:/optilab/synchrony/data/videoACCEDE02554.mp4,lowV_highA
418,ACCEDE02450,1.36,4.53,d:/optilab/synchrony/data/videoACCEDE02450.mp4,lowV_highA
419,ACCEDE07756,1.39,4.53,d:/optilab/synchrony/data/videoACCEDE07756.mp4,lowV_highA
420,ACCEDE07771,1.48,4.52,d:/optilab/synchrony/data/videoACCEDE07771.mp4,lowV_highA
421,ACCEDE02109,1.63,4.52,d:/optilab/synchrony/data/videoACCEDE02109.mp4,lowV_highA
422,ACCEDE00573,1.38,4.52,d:/optilab/synchrony/data/videoACCEDE00573.mp4,lowV_highA
423,ACCEDE02887,1.47,4.52,d:/optilab/synchrony/data/videoACCEDE02887.mp4,lowV_highA
424,ACCEDE07780,1.47,4.52,d:/optilab/synchrony/data/videoACCEDE07780.mp4,lowV_highA
425,ACCEDE07779,1.52,4.52,d:/optilab/synchrony/data/videoACCEDE07779.mp4,lowV_highA
426,ACCEDE02565,1.61,4.52,d:/optilab/synchrony/data/videoACCEDE02565.mp4,lowV_highA
427,ACCEDE02112,1.45,4.52,d:/optilab/synchrony/data/videoACCEDE02112.mp4,lowV_highA
428,ACCEDE07164,1.36,4.52,d:/optilab/synchrony/data/videoACCEDE07164.mp4,lowV_highA
429,ACCEDE02575,1.39,4.52,d:/optilab/synchrony/data/videoACCEDE02575.mp4,lowV_highA
430,ACCEDE07161,1.44,4.51,d:/optilab/synchrony/data/videoACCEDE07161.mp4,lowV_highA
431,ACCEDE02058,1.44,4.51,d:/optilab/synchrony/data/videoACCEDE02058.mp4,lowV_highA
432,ACCEDE07882,1.68,4.51,d:/optilab/synchrony/data/videoACCEDE07882.mp4,lowV_highA
433,ACCEDE06550,1.48,4.51,d:/optilab/synchrony/data/videoACCEDE06550.mp4,lowV_highA
434,ACCEDE02097,1.37,4.51,d:/optilab/synchrony/data/videoACCEDE02097.mp4,lowV_highA
435,ACCEDE04614,1.33,4.51,d:/optilab/synchrony/data/videoACCEDE04614.mp4,lowV_highA
436,ACCEDE00939,1.33,4.51,d:/optilab/synchrony/data/videoACCEDE00939.mp4,lowV_highA
437,ACCEDE02558,1.34,4.51,d:/optilab/synchrony/data/videoACCEDE02558.mp4,lowV_highA
438,ACCEDE07224,1.55,4.51,d:/optilab/synchrony/data/videoACCEDE07224.mp4,lowV_highA
439,ACCEDE04619,1.53,4.5,d:/optilab/synchrony/data/videoACCEDE04619.mp4,lowV_highA
440,ACCEDE05358,1.38,4.5,d:/optilab/synchrony/data/videoACCEDE05358.mp4,lowV_highA
441,ACCEDE02421,1.38,4.5,d:/optilab/synchrony/data/videoACCEDE02421.mp4,lowV_highA
442,ACCEDE01234,1.4,4.5,d:/optilab/synchrony/data/videoACCEDE01234.mp4,lowV_highA
443,ACCEDE02448,1.45,4.5,d:/optilab/synchrony/data/videoACCEDE02448.mp4,lowV_highA
444,ACCEDE07734,1.45,4.5,d:/optilab/synchrony/data/videoACCEDE07734.mp4,lowV_highA
445,ACCEDE00982,1.54,4.5,d:/optilab/synchrony/data/videoACCEDE00982.mp4,lowV_highA
446,ACCEDE02079,1.46,4.5,d:/optilab/synchrony/data/videoACCEDE02079.mp4,lowV_highA
447,ACCEDE02743,1.58,4.5,d:/optilab/synchrony/data/videoACCEDE02743.mp4,lowV_highA
448,ACCEDE06285,1.49,4.49,d:/optilab/synchrony/data/videoACCEDE06285.mp4,lowV_highA
449,ACCEDE01955,1.47,4.49,d:/optilab/synchrony/data/videoACCEDE01955.mp4,lowV_highA
450,ACCEDE09287,1.38,4.49,d:/optilab/synchrony/data/videoACCEDE09287.mp4,lowV_highA
451,ACCEDE08349,1.51,4.49,d:/optilab/synchrony/data/videoACCEDE08349.mp4,lowV_highA
452,ACCEDE02927,1.46,4.49,d:/optilab/synchrony/data/videoACCEDE02927.mp4,lowV_highA
453,ACCEDE02577,1.38,4.49,d:/optilab/synchrony/data/videoACCEDE02577.mp4,lowV_highA
454,ACCEDE03399,1.35,4.48,d:/optilab/synchrony/data/videoACCEDE03399.mp4,lowV_highA
455,ACCEDE06973,1.36,4.48,d:/optilab/synchrony/data/videoACCEDE06973.mp4,lowV_highA
456,ACCEDE07770,1.6,4.48,d:/optilab/synchrony/data/videoACCEDE07770.mp4,lowV_highA
457,ACCEDE07581,1.47,4.48,d:/optilab/synchrony/data/videoACCEDE07581.mp4,lowV_highA
458,ACCEDE02096,1.52,4.48,d:/optilab/synchrony/data/videoACCEDE02096.mp4,lowV_highA
459,ACCEDE05350,1.52,4.48,d:/optilab/synchrony/data/videoACCEDE05350.mp4,lowV_highA
460,ACCEDE00025,1.53,4.47,d:/optilab/synchrony/data/videoACCEDE00025.mp4,lowV_highA
461,ACCEDE04862,1.48,4.47,d:/optilab/synchrony/data/videoACCEDE04862.mp4,lowV_highA
462,ACCEDE02439,1.54,4.47,d:/optilab/synchrony/data/videoACCEDE02439.mp4,lowV_highA
463,ACCEDE00917,1.52,4.47,d:/optilab/synchrony/data/videoACCEDE00917.mp4,lowV_highA
464,ACCEDE02568,1.36,4.47,d:/optilab/synchrony/data/videoACCEDE02568.mp4,lowV_highA
465,ACCEDE07731,1.61,4.47,d:/optilab/synchrony/data/videoACCEDE07731.mp4,lowV_highA
466,ACCEDE03128,1.34,4.46,d:/optilab/synchrony/data/videoACCEDE03128.mp4,lowV_highA
467,ACCEDE01228,1.37,4.46,d:/optilab/synchrony/data/videoACCEDE01228.mp4,lowV_highA
468,ACCEDE01264,1.65,4.45,d:/optilab/synchrony/data/videoACCEDE01264.mp4,lowV_highA
469,ACCEDE00580,1.67,4.45,d:/optilab/synchrony/data/videoACCEDE00580.mp4,lowV_highA
470,ACCEDE05082,1.6,4.45,d:/optilab/synchrony/data/videoACCEDE05082.mp4,lowV_highA
471,ACCEDE03674,1.67,4.45,d:/optilab/synchrony/data/videoACCEDE03674.mp4,lowV_highA
472,ACCEDE03208,1.33,4.45,d:/optilab/synchrony/data/videoACCEDE03208.mp4,lowV_highA
473,ACCEDE01236,1.51,4.44,d:/optilab/synchrony/data/videoACCEDE01236.mp4,lowV_highA
474,ACCEDE02922,1.39,4.44,d:/optilab/synchrony/data/videoACCEDE02922.mp4,lowV_highA
475,ACCEDE06978,1.57,4.44,d:/optilab/synchrony/data/videoACCEDE06978.mp4,lowV_highA
476,ACCEDE00664,1.47,4.44,d:/optilab/synchrony/data/videoACCEDE00664.mp4,lowV_highA
477,ACCEDE07746,1.36,4.44,d:/optilab/synchrony/data/videoACCEDE07746.mp4,lowV_highA
478,ACCEDE02880,1.4,4.43,d:/optilab/synchrony/data/videoACCEDE02880.mp4,lowV_highA
479,ACCEDE00794,1.49,4.43,d:/optilab/synchrony/data/videoACCEDE00794.mp4,lowV_highA
480,ACCEDE02776,1.59,4.43,d:/optilab/synchrony/data/videoACCEDE02776.mp4,lowV_highA
481,ACCEDE08872,1.34,4.43,d:/optilab/synchrony/data/videoACCEDE08872.mp4,lowV_highA
482,ACCEDE07763,1.6,4.42,d:/optilab/synchrony/data/videoACCEDE07763.mp4,lowV_highA
483,ACCEDE00739,1.33,4.42,d:/optilab/synchrony/data/videoACCEDE00739.mp4,lowV_highA
484,ACCEDE01397,1.45,4.41,d:/optilab/synchrony/data/videoACCEDE01397.mp4,lowV_highA
485,ACCEDE02603,1.34,4.41,d:/optilab/synchrony/data/videoACCEDE02603.mp4,lowV_highA
486,ACCEDE00415,1.39,4.41,d:/optilab/synchrony/data/videoACCEDE00415.mp4,lowV_highA
487,ACCEDE07673,1.34,4.41,d:/optilab/synchrony/data/videoACCEDE07673.mp4,lowV_highA
488,ACCEDE01396,1.62,4.41,d:/optilab/synchrony/data/videoACCEDE01396.mp4,lowV_highA
489,ACCEDE08395,1.5,4.41,d:/optilab/synchrony/data/videoACCEDE08395.mp4,lowV_highA
490,ACCEDE03187,1.37,4.41,d:/optilab/synchrony/data/videoACCEDE03187.mp4,lowV_highA
491,ACCEDE06333,1.63,4.4,d:/optilab/synchrony/data/videoACCEDE06333.mp4,lowV_highA
492,ACCEDE03269,1.33,4.4,d:/optilab/synchrony/data/videoACCEDE03269.mp4,lowV_highA
493,ACCEDE03117,1.34,4.39,d:/optilab/synchrony/data/videoACCEDE03117.mp4,lowV_highA
494,ACCEDE04200,1.52,4.39,d:/optilab/synchrony/data/videoACCEDE04200.mp4,lowV_highA
495,ACCEDE02993,1.41,4.39,d:/optilab/synchrony/data/videoACCEDE02993.mp4,lowV_highA
496,ACCEDE04364,1.37,4.39,d:/optilab/synchrony/data/videoACCEDE04364.mp4,lowV_highA
497,ACCEDE06868,1.41,4.38,d:/optilab/synchrony/data/videoACCEDE06868.mp4,lowV_highA
498,ACCEDE04344,1.44,4.38,d:/optilab/synchrony/data/videoACCEDE04344.mp4,lowV_highA
499,ACCEDE07781,1.39,4.38,d:/optilab/synchrony/data/videoACCEDE07781.mp4,lowV_highA
500,ACCEDE09674,1.51,4.38,d:/optilab/synchrony/data/videoACCEDE09674.mp4,lowV_highA
501,ACCEDE02534,1.62,4.38,d:/optilab/synchrony/data/videoACCEDE02534.mp4,lowV_highA
502,ACCEDE07773,1.34,4.38,d:/optilab/synchrony/data/videoACCEDE07773.mp4,lowV_highA
503,ACCEDE07755,1.49,4.38,d:/optilab/synchrony/data/videoACCEDE07755.mp4,lowV_highA
504,ACCEDE02765,1.52,4.38,d:/optilab/synchrony/data/videoACCEDE02765.mp4,lowV_highA
505,ACCEDE02111,1.38,4.38,d:/optilab/synchrony/data/videoACCEDE02111.mp4,lowV_highA
506,ACCEDE02600,1.34,4.37,d:/optilab/synchrony/data/videoACCEDE02600.mp4,lowV_highA
507,ACCEDE02095,1.61,4.37,d:/optilab/synchrony/data/videoACCEDE02095.mp4,lowV_highA
508,ACCEDE02518,1.34,4.37,d:/optilab/synchrony/data/videoACCEDE02518.mp4,lowV_highA
509,ACCEDE04380,1.34,4.37,d:/optilab/synchrony/data/videoACCEDE04380.mp4,lowV_highA
510,ACCEDE00575,1.57,4.36,d:/optilab/synchrony/data/videoACCEDE00575.mp4,lowV_highA
511,ACCEDE01945,1.56,4.36,d:/optilab/synchrony/data/videoACCEDE01945.mp4,lowV_highA
512,ACCEDE06548,1.46,4.36,d:/optilab/synchrony/data/videoACCEDE06548.mp4,lowV_highA
513,ACCEDE07223,1.45,4.36,d:/optilab/synchrony/data/videoACCEDE07223.mp4,lowV_highA
514,ACCEDE03438,1.37,4.35,d:/optilab/synchrony/data/videoACCEDE03438.mp4,lowV_highA
515,ACCEDE02708,1.4,4.35,d:/optilab/synchrony/data/videoACCEDE02708.mp4,lowV_highA
516,ACCEDE01272,1.53,4.35,d:/optilab/synchrony/data/videoACCEDE01272.mp4,lowV_highA
517,ACCEDE01287,1.43,4.34,d:/optilab/synchrony/data/videoACCEDE01287.mp4,lowV_highA
518,ACCEDE00792,1.53,4.34,d:/optilab/synchrony/data/videoACCEDE00792.mp4,lowV_highA
519,ACCEDE03431,1.42,4.34,d:/optilab/synchrony/data/videoACCEDE03431.mp4,lowV_highA
520,ACCEDE03647,1.43,4.34,d:/optilab/synchrony/data/videoACCEDE03647.mp4,lowV_highA
521,ACCEDE01039,1.37,4.33,d:/optilab/synchrony/data/videoACCEDE01039.mp4,lowV_highA
522,ACCEDE02108,1.42,4.33,d:/optilab/synchrony/data/videoACCEDE02108.mp4,lowV_highA
523,ACCEDE03747,1.62,4.33,d:/optilab/synchrony/data/videoACCEDE03747.mp4,lowV_highA
524,ACCEDE07697,1.58,4.33,d:/optilab/synchrony/data/videoACCEDE07697.mp4,lowV_highA
525,ACCEDE08325,1.54,4.32,d:/optilab/synchrony/data/videoACCEDE08325.mp4,lowV_highA
526,ACCEDE06280,1.61,4.32,d:/optilab/synchrony/data/videoACCEDE06280.mp4,lowV_highA
527,ACCEDE07674,1.48,4.31,d:/optilab/synchrony/data/videoACCEDE07674.mp4,lowV_highA
528,ACCEDE04844,1.58,4.31,d:/optilab/synchrony/data/videoACCEDE04844.mp4,lowV_highA
529,ACCEDE06281,1.46,4.31,d:/optilab/synchrony/data/videoACCEDE06281.mp4,lowV_highA
530,ACCEDE00574,1.4,4.3,d:/optilab/synchrony/data/videoACCEDE00574.mp4,lowV_highA
531,ACCEDE02822,1.59,4.3,d:/optilab/synchrony/data/videoACCEDE02822.mp4,lowV_highA
532,ACCEDE07730,1.4,4.29,d:/optilab/synchrony/data/videoACCEDE07730.mp4,lowV_highA
533,ACCEDE06974,1.52,4.29,d:/optilab/synchrony/data/videoACCEDE06974.mp4,lowV_highA
534,ACCEDE07890,1.52,4.29,d:/optilab/synchrony/data/videoACCEDE07890.mp4,lowV_highA
535,ACCEDE00452,1.4,4.28,d:/optilab/synchrony/data/videoACCEDE00452.mp4,lowV_highA
536,ACCEDE01401,1.64,4.28,d:/optilab/synchrony/data/videoACCEDE01401.mp4,lowV_highA
537,ACCEDE08653,1.59,4.27,d:/optilab/synchrony/data/videoACCEDE08653.mp4,lowV_highA
538,ACCEDE08649,1.54,4.27,d:/optilab/synchrony/data/videoACCEDE08649.mp4,lowV_highA
539,ACCEDE08977,1.55,4.26,d:/optilab/synchrony/data/videoACCEDE08977.mp4,lowV_highA
540,ACCEDE07456,1.37,4.25,d:/optilab/synchrony/data/videoACCEDE07456.mp4,lowV_highA
541,ACCEDE03215,1.53,4.25,d:/optilab/synchrony/data/videoACCEDE03215.mp4,lowV_highA
542,ACCEDE05605,1.39,4.25,d:/optilab/synchrony/data/videoACCEDE05605.mp4,lowV_highA
543,ACCEDE04885,1.6,4.25,d:/optilab/synchrony/data/videoACCEDE04885.mp4,lowV_highA
544,ACCEDE03034,1.41,4.24,d:/optilab/synchrony/data/videoACCEDE03034.mp4,lowV_highA
545,ACCEDE02142,1.53,4.24,d:/optilab/synchrony/data/videoACCEDE02142.mp4,lowV_highA
546,ACCEDE08333,1.35,4.24,d:/optilab/synchrony/data/videoACCEDE08333.mp4,lowV_highA
547,ACCEDE01984,1.42,4.23,d:/optilab/synchrony/data/videoACCEDE01984.mp4,lowV_highA
548,ACCEDE05856,1.61,4.23,d:/optilab/synchrony/data/videoACCEDE05856.mp4,lowV_highA
549,ACCEDE01389,1.55,4.22,d:/optilab/synchrony/data/videoACCEDE01389.mp4,lowV_highA
550,ACCEDE01238,1.48,4.21,d:/optilab/synchrony/data/videoACCEDE01238.mp4,lowV_highA
551,ACCEDE02532,1.63,4.21,d:/optilab/synchrony/data/videoACCEDE02532.mp4,lowV_highA
552,ACCEDE07329,1.63,4.21,d:/optilab/synchrony/data/videoACCEDE07329.mp4,lowV_highA
553,ACCEDE02514,1.48,4.21,d:/optilab/synchrony/data/videoACCEDE02514.mp4,lowV_highA
554,ACCEDE00972,1.45,4.21,d:/optilab/synchrony/data/videoACCEDE00972.mp4,lowV_highA
555,ACCEDE09450,1.39,4.21,d:/optilab/synchrony/data/videoACCEDE09450.mp4,lowV_highA
556,ACCEDE01947,1.39,4.21,d:/optilab/synchrony/data/videoACCEDE01947.mp4,lowV_highA
557,ACCEDE08089,1.46,4.2,d:/optilab/synchrony/data/videoACCEDE08089.mp4,lowV_highA
558,ACCEDE09668,1.36,4.2,d:/optilab/synchrony/data/videoACCEDE09668.mp4,lowV_highA
559,ACCEDE06038,1.57,4.2,d:/optilab/synchrony/data/videoACCEDE06038.mp4,lowV_highA
560,ACCEDE07769,1.63,4.2,d:/optilab/synchrony/data/videoACCEDE07769.mp4,lowV_highA
561,ACCEDE06301,1.41,4.2,d:/optilab/synchrony/data/videoACCEDE06301.mp4,lowV_highA
562,ACCEDE03430,1.51,4.19,d:/optilab/synchrony/data/videoACCEDE03430.mp4,lowV_highA
563,ACCEDE00989,1.54,4.19,d:/optilab/synchrony/data/videoACCEDE00989.mp4,lowV_highA
564,ACCEDE02104,1.51,4.19,d:/optilab/synchrony/data/videoACCEDE02104.mp4,lowV_highA
565,ACCEDE07855,1.47,4.19,d:/optilab/synchrony/data/videoACCEDE07855.mp4,lowV_highA
566,ACCEDE02434,1.45,4.18,d:/optilab/synchrony/data/videoACCEDE02434.mp4,lowV_highA
567,ACCEDE07748,1.51,4.17,d:/optilab/synchrony/data/videoACCEDE07748.mp4,lowV_highA
568,ACCEDE02092,1.34,4.17,d:/optilab/synchrony/data/videoACCEDE02092.mp4,lowV_highA
569,ACCEDE05514,1.33,4.17,d:/optilab/synchrony/data/videoACCEDE05514.mp4,lowV_highA
570,ACCEDE04852,1.35,4.17,d:/optilab/synchrony/data/videoACCEDE04852.mp4,lowV_highA
571,ACCEDE07741,1.46,4.17,d:/optilab/synchrony/data/videoACCEDE07741.mp4,lowV_highA
572,ACCEDE06549,1.35,4.17,d:/optilab/synchrony/data/videoACCEDE06549.mp4,lowV_highA
573,ACCEDE06039,1.4,4.17,d:/optilab/synchrony/data/videoACCEDE06039.mp4,lowV_highA
574,ACCEDE09693,1.6,4.17,d:/optilab/synchrony/data/videoACCEDE09693.mp4,lowV_highA
575,ACCEDE02591,1.57,4.17,d:/optilab/synchrony/data/videoACCEDE02591.mp4,lowV_highA
576,ACCEDE00662,1.48,4.16,d:/optilab/synchrony/data/videoACCEDE00662.mp4,lowV_highA
577,ACCEDE01292,1.38,4.16,d:/optilab/synchrony/data/videoACCEDE01292.mp4,lowV_highA
578,ACCEDE02599,1.49,4.16,d:/optilab/synchrony/data/videoACCEDE02599.mp4,lowV_highA
579,ACCEDE00873,1.54,4.16,d:/optilab/synchrony/data/videoACCEDE00873.mp4,lowV_highA
580,ACCEDE02546,1.6,4.16,d:/optilab/synchrony/data/videoACCEDE02546.mp4,lowV_highA
581,ACCEDE02487,1.6,4.15,d:/optilab/synchrony/data/videoACCEDE02487.mp4,lowV_highA
582,ACCEDE04043,1.48,4.15,d:/optilab/synchrony/data/videoACCEDE04043.mp4,lowV_highA
583,ACCEDE02456,1.53,4.14,d:/optilab/synchrony/data/videoACCEDE02456.mp4,lowV_highA
584,ACCEDE01656,1.51,4.14,d:/optilab/synchrony/data/videoACCEDE01656.mp4,lowV_highA
585,ACCEDE07813,1.59,4.14,d:/optilab/synchrony/data/videoACCEDE07813.mp4,lowV_highA
586,ACCEDE01965,1.52,4.14,d:/optilab/synchrony/data/videoACCEDE01965.mp4,lowV_highA
587,ACCEDE03615,1.63,4.13,d:/optilab/synchrony/data/videoACCEDE03615.mp4,lowV_highA
588,ACCEDE01275,1.38,4.13,d:/optilab/synchrony/data/videoACCEDE01275.mp4,lowV_highA
589,ACCEDE00449,1.65,4.12,d:/optilab/synchrony/data/videoACCEDE00449.mp4,lowV_highA
590,ACCEDE03019,1.53,4.12,d:/optilab/synchrony/data/videoACCEDE03019.mp4,lowV_highA
591,ACCEDE01242,1.57,4.11,d:/optilab/synchrony/data/videoACCEDE01242.mp4,lowV_highA
592,ACCEDE08148,1.64,4.11,d:/optilab/synchrony/data/videoACCEDE08148.mp4,lowV_highA
593,ACCEDE05710,1.59,4.11,d:/optilab/synchrony/data/videoACCEDE05710.mp4,lowV_highA
594,ACCEDE03380,1.65,4.1,d:/optilab/synchrony/data/videoACCEDE03380.mp4,lowV_highA
595,ACCEDE07757,1.36,4.09,d:/optilab/synchrony/data/videoACCEDE07757.mp4,lowV_highA
596,ACCEDE07143,1.38,4.09,d:/optilab/synchrony/data/videoACCEDE07143.mp4,lowV_highA
597,ACCEDE02545,1.51,4.09,d:/optilab/synchrony/data/videoACCEDE02545.mp4,lowV_highA
598,ACCEDE02442,1.47,4.09,d:/optilab/synchrony/data/videoACCEDE02442.mp4,lowV_highA
599,ACCEDE02882,1.38,4.09,d:/optilab/synchrony/data/videoACCEDE02882.mp4,lowV_highA
600,ACCEDE07186,1.55,1.32,d:/optilab/synchrony/data/videoACCEDE07186.mp4,lowV_lowA
601,ACCEDE04069,1.63,1.32,d:/optilab/synchrony/data/videoACCEDE04069.mp4,lowV_lowA
602,ACCEDE04857,1.56,1.33,d:/optilab/synchrony/data/videoACCEDE04857.mp4,lowV_lowA
603,ACCEDE05120,1.63,1.33,d:/optilab/synchrony/data/videoACCEDE05120.mp4,lowV_lowA
604,ACCEDE01789,1.5,1.33,d:/optilab/synchrony/data/videoACCEDE01789.mp4,lowV_lowA
605,ACCEDE03464,1.41,1.33,d:/optilab/synchrony/data/videoACCEDE03464.mp4,lowV_lowA
606,ACCEDE05922,1.67,1.33,d:/optilab/synchrony/data/videoACCEDE05922.mp4,lowV_lowA
607,ACCEDE03255,1.6,1.34,d:/optilab/synchrony/data/videoACCEDE03255.mp4,lowV_lowA
608,ACCEDE04323,1.39,1.34,d:/optilab/synchrony/data/videoACCEDE04323.mp4,lowV_lowA
609,ACCEDE04807,1.6,1.34,d:/optilab/synchrony/data/videoACCEDE04807.mp4,lowV_lowA
610,ACCEDE05353,1.56,1.35,d:/optilab/synchrony/data/videoACCEDE05353.mp4,lowV_lowA
611,ACCEDE06574,1.65,1.35,d:/optilab/synchrony/data/videoACCEDE06574.mp4,lowV_lowA
612,ACCEDE02469,1.43,1.35,d:/optilab/synchrony/data/videoACCEDE02469.mp4,lowV_lowA
613,ACCEDE04277,1.67,1.36,d:/optilab/synchrony/data/videoACCEDE04277.mp4,lowV_lowA
614,ACCEDE03618,1.54,1.36,d:/optilab/synchrony/data/videoACCEDE03618.mp4,lowV_lowA
615,ACCEDE04141,1.48,1.37,d:/optilab/synchrony/data/videoACCEDE04141.mp4,lowV_lowA
616,ACCEDE06902,1.56,1.37,d:/optilab/synchrony/data/videoACCEDE06902.mp4,lowV_lowA
617,ACCEDE00035,1.55,1.37,d:/optilab/synchrony/data/videoACCEDE00035.mp4,lowV_lowA
618,ACCEDE06690,1.35,1.37,d:/optilab/synchrony/data/videoACCEDE06690.mp4,lowV_lowA
619,ACCEDE05297,1.56,1.37,d:/optilab/synchrony/data/videoACCEDE05297.mp4,lowV_lowA
620,ACCEDE05186,1.49,1.37,d:/optilab/synchrony/data/videoACCEDE05186.mp4,lowV_lowA
621,ACCEDE06629,1.67,1.38,d:/optilab/synchrony/data/videoACCEDE06629.mp4,lowV_lowA
622,ACCEDE03300,1.41,1.38,d:/optilab/synchrony/data/videoACCEDE03300.mp4,lowV_lowA
623,ACCEDE02570,1.53,1.38,d:/optilab/synchrony/data/videoACCEDE02570.mp4,lowV_lowA
624,ACCEDE05656,1.43,1.39,d:/optilab/synchrony/data/videoACCEDE05656.mp4,lowV_lowA
625,ACCEDE03102,1.56,1.39,d:/optilab/synchrony/data/videoACCEDE03102.mp4,lowV_lowA
626,ACCEDE02987,1.55,1.39,d:/optilab/synchrony/data/videoACCEDE02987.mp4,lowV_lowA
627,ACCEDE04383,1.43,1.39,d:/optilab/synchrony/data/videoACCEDE04383.mp4,lowV_lowA
628,ACCEDE05636,1.41,1.39,d:/optilab/synchrony/data/videoACCEDE05636.mp4,lowV_lowA
629,ACCEDE08861,1.5,1.39,d:/optilab/synchrony/data/videoACCEDE08861.mp4,lowV_lowA
630,ACCEDE04753,1.66,1.39,d:/optilab/synchrony/data/videoACCEDE04753.mp4,lowV_lowA
631,ACCEDE00854,1.63,1.4,d:/optilab/synchrony/data/videoACCEDE00854.mp4,lowV_lowA
632,ACCEDE07840,1.58,1.4,d:/optilab/synchrony/data/videoACCEDE07840.mp4,lowV_lowA
633,ACCEDE00513,1.48,1.4,d:/optilab/synchrony/data/videoACCEDE00513.mp4,lowV_lowA
634,ACCEDE00646,1.4,1.4,d:/optilab/synchrony/data/videoACCEDE00646.mp4,lowV_lowA
635,ACCEDE02433,1.4,1.4,d:/optilab/synchrony/data/videoACCEDE02433.mp4,lowV_lowA
636,ACCEDE04943,1.39,1.4,d:/optilab/synchrony/data/videoACCEDE04943.mp4,lowV_lowA
637,ACCEDE05347,1.53,1.4,d:/optilab/synchrony/data/videoACCEDE05347.mp4,lowV_lowA
638,ACCEDE04845,1.67,1.4,d:/optilab/synchrony/data/videoACCEDE04845.mp4,lowV_lowA
639,ACCEDE06029,1.63,1.4,d:/optilab/synchrony/data/videoACCEDE06029.mp4,lowV_lowA
640,ACCEDE07865,1.58,1.4,d:/optilab/synchrony/data/videoACCEDE07865.mp4,lowV_lowA
641,ACCEDE07144,1.4,1.41,d:/optilab/synchrony/data/videoACCEDE07144.mp4,lowV_lowA
642,ACCEDE02590,1.36,1.41,d:/optilab/synchrony/data/videoACCEDE02590.mp4,lowV_lowA
643,ACCEDE02561,1.65,1.41,d:/optilab/synchrony/data/videoACCEDE02561.mp4,lowV_lowA
644,ACCEDE01050,1.33,1.41,d:/optilab/synchrony/data/videoACCEDE01050.mp4,lowV_lowA
645,ACCEDE09540,1.5,1.41,d:/optilab/synchrony/data/videoACCEDE09540.mp4,lowV_lowA
646,ACCEDE05099,1.46,1.42,d:/optilab/synchrony/data/videoACCEDE05099.mp4,lowV_lowA
647,ACCEDE05967,1.43,1.44,d:/optilab/synchrony/data/videoACCEDE05967.mp4,lowV_lowA
648,ACCEDE03059,1.67,1.44,d:/optilab/synchrony/data/videoACCEDE03059.mp4,lowV_lowA
649,ACCEDE03268,1.62,1.44,d:/optilab/synchrony/data/videoACCEDE03268.mp4,lowV_lowA
650,ACCEDE08463,1.41,1.44,d:/optilab/synchrony/data/videoACCEDE08463.mp4,lowV_lowA
651,ACCEDE04134,1.43,1.44,d:/optilab/synchrony/data/videoACCEDE04134.mp4,lowV_lowA
652,ACCEDE00588,1.48,1.45,d:/optilab/synchrony/data/videoACCEDE00588.mp4,lowV_lowA
653,ACCEDE04913,1.55,1.45,d:/optilab/synchrony/data/videoACCEDE04913.mp4,lowV_lowA
654,ACCEDE02583,1.6,1.45,d:/optilab/synchrony/data/videoACCEDE02583.mp4,lowV_lowA
655,ACCEDE01920,1.68,1.45,d:/optilab/synchrony/data/videoACCEDE01920.mp4,lowV_lowA
656,ACCEDE06442,1.43,1.49,d:/optilab/synchrony/data/videoACCEDE06442.mp4,lowV_lowA
657,ACCEDE00616,1.62,1.49,d:/optilab/synchrony/data/videoACCEDE00616.mp4,lowV_lowA
658,ACCEDE07597,1.64,1.51,d:/optilab/synchrony/data/videoACCEDE07597.mp4,lowV_lowA
659,ACCEDE02666,1.57,1.52,d:/optilab/synchrony/data/videoACCEDE02666.mp4,lowV_lowA
660,ACCEDE05310,1.38,1.52,d:/optilab/synchrony/data/videoACCEDE05310.mp4,lowV_lowA
661,ACCEDE07864,1.54,1.53,d:/optilab/synchrony/data/videoACCEDE07864.mp4,lowV_lowA
662,ACCEDE09486,1.6,1.53,d:/optilab/synchrony/data/videoACCEDE09486.mp4,lowV_lowA
663,ACCEDE01765,1.56,1.55,d:/optilab/synchrony/data/videoACCEDE01765.mp4,lowV_lowA
664,ACCEDE05318,1.66,1.55,d:/optilab/synchrony/data/videoACCEDE05318.mp4,lowV_lowA
665,ACCEDE07999,1.63,1.56,d:/optilab/synchrony/data/videoACCEDE07999.mp4,lowV_lowA
666,ACCEDE04799,1.58,1.57,d:/optilab/synchrony/data/videoACCEDE04799.mp4,lowV_lowA
667,ACCEDE04632,1.62,1.58,d:/optilab/synchrony/data/videoACCEDE04632.mp4,lowV_lowA
668,ACCEDE04830,1.55,1.58,d:/optilab/synchrony/data/videoACCEDE04830.mp4,lowV_lowA
669,ACCEDE05181,1.55,1.59,d:/optilab/synchrony/data/videoACCEDE05181.mp4,lowV_lowA
670,ACCEDE05497,1.44,1.59,d:/optilab/synchrony/data/videoACCEDE05497.mp4,lowV_lowA
671,ACCEDE07831,1.54,1.6,d:/optilab/synchrony/data/videoACCEDE07831.mp4,lowV_lowA
672,ACCEDE06070,1.41,1.61,d:/optilab/synchrony/data/videoACCEDE06070.mp4,lowV_lowA
673,ACCEDE02868,1.66,1.61,d:/optilab/synchrony/data/videoACCEDE02868.mp4,lowV_lowA
674,ACCEDE09584,1.5,1.61,d:/optilab/synchrony/data/videoACCEDE09584.mp4,lowV_lowA
675,ACCEDE09155,1.67,1.63,d:/optilab/synchrony/data/videoACCEDE09155.mp4,lowV_lowA
676,ACCEDE04962,1.41,1.63,d:/optilab/synchrony/data/videoACCEDE04962.mp4,lowV_lowA
677,ACCEDE09515,1.65,1.63,d:/optilab/synchrony/data/videoACCEDE09515.mp4,lowV_lowA
678,ACCEDE04751,1.66,1.64,d:/optilab/synchrony/data/videoACCEDE04751.mp4,lowV_lowA
679,ACCEDE09581,1.66,1.65,d:/optilab/synchrony/data/videoACCEDE09581.mp4,lowV_lowA
680,ACCEDE03021,1.62,1.65,d:/optilab/synchrony/data/videoACCEDE03021.mp4,lowV_lowA
681,ACCEDE04021,1.38,1.66,d:/optilab/synchrony/data/videoACCEDE04021.mp4,lowV_lowA
682,ACCEDE00644,1.49,1.66,d:/optilab/synchrony/data/videoACCEDE00644.mp4,lowV_lowA
683,ACCEDE05287,1.44,1.67,d:/optilab/synchrony/data/videoACCEDE05287.mp4,lowV_lowA
684,ACCEDE02056,1.49,1.67,d:/optilab/synchrony/data/videoACCEDE02056.mp4,lowV_lowA
685,ACCEDE04860,1.47,1.67,d:/optilab/synchrony/data/videoACCEDE04860.mp4,lowV_lowA
686,ACCEDE05341,1.43,1.67,d:/optilab/synchrony/data/videoACCEDE05341.mp4,lowV_lowA
687,ACCEDE04940,1.62,1.67,d:/optilab/synchrony/data/videoACCEDE04940.mp4,lowV_lowA
688,ACCEDE07881,1.61,1.68,d:/optilab/synchrony/data/videoACCEDE07881.mp4,lowV_lowA
689,ACCEDE03207,1.42,1.68,d:/optilab/synchrony/data/videoACCEDE03207.mp4,lowV_lowA
690,ACCEDE06838,1.44,1.68,d:/optilab/synchrony/data/videoACCEDE06838.mp4,lowV_lowA
691,ACCEDE02241,1.44,1.68,d:/optilab/synchrony/data/videoACCEDE02241.mp4,lowV_lowA
692,ACCEDE06021,1.53,1.68,d:/optilab/synchrony/data/videoACCEDE06021.mp4,lowV_lowA
693,ACCEDE01038,1.35,1.68,d:/optilab/synchrony/data/videoACCEDE01038.mp4,lowV_lowA
694,ACCEDE09415,1.67,1.69,d:/optilab/synchrony/data/videoACCEDE09415.mp4,lowV_lowA
695,ACCEDE03061,1.58,1.69,d:/optilab/synchrony/data/videoACCEDE03061.mp4,lowV_lowA
696,ACCEDE01265,1.6,1.69,d:/optilab/synchrony/data/videoACCEDE01265.mp4,lowV_lowA
697,ACCEDE02837,1.57,1.69,d:/optilab/synchrony/data/videoACCEDE02837.mp4,lowV_lowA
698,ACCEDE07359,1.35,1.7,d:/optilab/synchrony/data/videoACCEDE07359.mp4,lowV_lowA
699,ACCEDE01423,1.48,1.71,d:/optilab/synchrony/data/videoACCEDE01423.mp4,lowV_lowA
700,ACCEDE01259,1.64,1.71,d:/optilab/synchrony/data/videoACCEDE01259.mp4,lowV_lowA
701,ACCEDE00789,1.49,1.71,d:/optilab/synchrony/data/videoACCEDE00789.mp4,lowV_lowA
702,ACCEDE01255,1.36,1.71,d:/optilab/synchrony/data/videoACCEDE01255.mp4,lowV_lowA
703,ACCEDE08278,1.64,1.72,d:/optilab/synchrony/data/videoACCEDE08278.mp4,lowV_lowA
704,ACCEDE03525,1.49,1.72,d:/optilab/synchrony/data/videoACCEDE03525.mp4,lowV_lowA
705,ACCEDE08722,1.66,1.73,d:/optilab/synchrony/data/videoACCEDE08722.mp4,lowV_lowA
706,ACCEDE02411,1.62,1.73,d:/optilab/synchrony/data/videoACCEDE02411.mp4,lowV_lowA
707,ACCEDE08751,1.44,1.73,d:/optilab/synchrony/data/videoACCEDE08751.mp4,lowV_lowA
708,ACCEDE04825,1.56,1.74,d:/optilab/synchrony/data/videoACCEDE04825.mp4,lowV_lowA
709,ACCEDE07052,1.42,1.74,d:/optilab/synchrony/data/videoACCEDE07052.mp4,lowV_lowA
710,ACCEDE01934,1.59,1.74,d:/optilab/synchrony/data/videoACCEDE01934.mp4,lowV_lowA
711,ACCEDE08829,1.65,1.74,d:/optilab/synchrony/data/videoACCEDE08829.mp4,lowV_lowA
712,ACCEDE00583,1.57,1.74,d:/optilab/synchrony/data/videoACCEDE00583.mp4,lowV_lowA
713,ACCEDE00506,1.52,1.74,d:/optilab/synchrony/data/videoACCEDE00506.mp4,lowV_lowA
714,ACCEDE04866,1.56,1.74,d:/optilab/synchrony/data/videoACCEDE04866.mp4,lowV_lowA
715,ACCEDE07166,1.34,1.75,d:/optilab/synchrony/data/videoACCEDE07166.mp4,lowV_lowA
716,ACCEDE01263,1.47,1.75,d:/optilab/synchrony/data/videoACCEDE01263.mp4,lowV_lowA
717,ACCEDE04359,1.35,1.75,d:/optilab/synchrony/data/videoACCEDE04359.mp4,lowV_lowA
718,ACCEDE06811,1.61,1.75,d:/optilab/synchrony/data/videoACCEDE06811.mp4,lowV_lowA
719,ACCEDE05107,1.56,1.75,d:/optilab/synchrony/data/videoACCEDE05107.mp4,lowV_lowA
720,ACCEDE04042,1.48,1.75,d:/optilab/synchrony/data/videoACCEDE04042.mp4,lowV_lowA
721,ACCEDE02551,1.55,1.75,d:/optilab/synchrony/data/videoACCEDE02551.mp4,lowV_lowA
722,ACCEDE05058,1.49,1.77,d:/optilab/synchrony/data/videoACCEDE05058.mp4,lowV_lowA
723,ACCEDE09079,1.67,1.77,d:/optilab/synchrony/data/videoACCEDE09079.mp4,lowV_lowA
724,ACCEDE02769,1.64,1.78,d:/optilab/synchrony/data/videoACCEDE02769.mp4,lowV_lowA
725,ACCEDE01269,1.34,1.78,d:/optilab/synchrony/data/videoACCEDE01269.mp4,lowV_lowA
726,ACCEDE07493,1.55,1.78,d:/optilab/synchrony/data/videoACCEDE07493.mp4,lowV_lowA
727,ACCEDE08221,1.59,1.78,d:/optilab/synchrony/data/videoACCEDE08221.mp4,lowV_lowA
728,ACCEDE03613,1.35,1.8,d:/optilab/synchrony/data/videoACCEDE03613.mp4,lowV_lowA
729,ACCEDE08662,1.65,1.8,d:/optilab/synchrony/data/videoACCEDE08662.mp4,lowV_lowA
730,ACCEDE04281,1.44,1.8,d:/optilab/synchrony/data/videoACCEDE04281.mp4,lowV_lowA
731,ACCEDE01394,1.42,1.84,d:/optilab/synchrony/data/videoACCEDE01394.mp4,lowV_lowA
732,ACCEDE03048,1.36,1.84,d:/optilab/synchrony/data/videoACCEDE03048.mp4,lowV_lowA
733,ACCEDE04823,1.53,1.84,d:/optilab/synchrony/data/videoACCEDE04823.mp4,lowV_lowA
734,ACCEDE00407,1.5,1.84,d:/optilab/synchrony/data/videoACCEDE00407.mp4,lowV_lowA
735,ACCEDE06641,1.67,1.84,d:/optilab/synchrony/data/videoACCEDE06641.mp4,lowV_lowA
736,ACCEDE00119,1.56,1.85,d:/optilab/synchrony/data/videoACCEDE00119.mp4,lowV_lowA
737,ACCEDE02537,1.35,1.85,d:/optilab/synchrony/data/videoACCEDE02537.mp4,lowV_lowA
738,ACCEDE07559,1.66,1.86,d:/optilab/synchrony/data/videoACCEDE07559.mp4,lowV_lowA
739,ACCEDE02070,1.58,1.86,d:/optilab/synchrony/data/videoACCEDE02070.mp4,lowV_lowA
740,ACCEDE05057,1.62,1.87,d:/optilab/synchrony/data/videoACCEDE05057.mp4,lowV_lowA
741,ACCEDE05849,1.55,1.87,d:/optilab/synchrony/data/videoACCEDE05849.mp4,lowV_lowA
742,ACCEDE05534,1.56,1.88,d:/optilab/synchrony/data/videoACCEDE05534.mp4,lowV_lowA
743,ACCEDE04722,1.59,1.88,d:/optilab/synchrony/data/videoACCEDE04722.mp4,lowV_lowA
744,ACCEDE04165,1.5,1.89,d:/optilab/synchrony/data/videoACCEDE04165.mp4,lowV_lowA
745,ACCEDE04604,1.57,1.9,d:/optilab/synchrony/data/videoACCEDE04604.mp4,lowV_lowA
746,ACCEDE04589,1.47,1.9,d:/optilab/synchrony/data/videoACCEDE04589.mp4,lowV_lowA
747,ACCEDE02082,1.66,1.91,d:/optilab/synchrony/data/videoACCEDE02082.mp4,lowV_lowA
748,ACCEDE00489,1.62,1.92,d:/optilab/synchrony/data/videoACCEDE00489.mp4,lowV_lowA
749,ACCEDE09133,1.66,1.93,d:/optilab/synchrony/data/videoACCEDE09133.mp4,lowV_lowA
750,ACCEDE05292,1.56,1.93,d:/optilab/synchrony/data/videoACCEDE05292.mp4,lowV_lowA
751,ACCEDE00551,1.59,1.94,d:/optilab/synchrony/data/videoACCEDE00551.mp4,lowV_lowA
752,ACCEDE04955,1.43,1.95,d:/optilab/synchrony/data/videoACCEDE04955.mp4,lowV_lowA
753,ACCEDE02444,1.57,1.95,d:/optilab/synchrony/data/videoACCEDE02444.mp4,lowV_lowA
754,ACCEDE03317,1.44,1.96,d:/optilab/synchrony/data/videoACCEDE03317.mp4,lowV_lowA
755,ACCEDE03914,1.44,1.97,d:/optilab/synchrony/data/videoACCEDE03914.mp4,lowV_lowA
756,ACCEDE04767,1.56,1.97,d:/optilab/synchrony/data/videoACCEDE04767.mp4,lowV_lowA
757,ACCEDE03540,1.67,1.97,d:/optilab/synchrony/data/videoACCEDE03540.mp4,lowV_lowA
758,ACCEDE04140,1.57,2.0,d:/optilab/synchrony/data/videoACCEDE04140.mp4,lowV_lowA
759,ACCEDE03027,1.41,2.0,d:/optilab/synchrony/data/videoACCEDE03027.mp4,lowV_lowA
760,ACCEDE03333,1.61,2.01,d:/optilab/synchrony/data/videoACCEDE03333.mp4,lowV_lowA
761,ACCEDE07960,1.47,2.01,d:/optilab/synchrony/data/videoACCEDE07960.mp4,lowV_lowA
762,ACCEDE05541,1.64,2.05,d:/optilab/synchrony/data/videoACCEDE05541.mp4,lowV_lowA
763,ACCEDE00874,1.43,2.06,d:/optilab/synchrony/data/videoACCEDE00874.mp4,lowV_lowA
764,ACCEDE04598,1.42,2.06,d:/optilab/synchrony/data/videoACCEDE04598.mp4,lowV_lowA
765,ACCEDE03535,1.62,2.07,d:/optilab/synchrony/data/videoACCEDE03535.mp4,lowV_lowA
766,ACCEDE00401,1.55,2.07,d:/optilab/synchrony/data/videoACCEDE00401.mp4,lowV_lowA
767,ACCEDE05885,1.64,2.08,d:/optilab/synchrony/data/videoACCEDE05885.mp4,lowV_lowA
768,ACCEDE01531,1.6,2.08,d:/optilab/synchrony/data/videoACCEDE01531.mp4,lowV_lowA
769,ACCEDE05645,1.42,2.09,d:/optilab/synchrony/data/videoACCEDE05645.mp4,lowV_lowA
770,ACCEDE09460,1.64,2.09,d:/optilab/synchrony/data/videoACCEDE09460.mp4,lowV_lowA
771,ACCEDE06162,1.51,2.1,d:/optilab/synchrony/data/videoACCEDE06162.mp4,lowV_lowA
772,ACCEDE05575,1.54,2.11,d:/optilab/synchrony/data/videoACCEDE05575.mp4,lowV_lowA
773,ACCEDE03029,1.34,2.11,d:/optilab/synchrony/data/videoACCEDE03029.mp4,lowV_lowA
774,ACCEDE02686,1.61,2.11,d:/optilab/synchrony/data/videoACCEDE02686.mp4,lowV_lowA
775,ACCEDE05550,1.67,2.11,d:/optilab/synchrony/data/videoACCEDE05550.mp4,lowV_lowA
776,ACCEDE09417,1.34,2.11,d:/optilab/synchrony/data/videoACCEDE09417.mp4,lowV_lowA
777,ACCEDE03121,1.52,2.11,d:/optilab/synchrony/data/videoACCEDE03121.mp4,lowV_lowA
778,ACCEDE07876,1.56,2.12,d:/optilab/synchrony/data/videoACCEDE07876.mp4,lowV_lowA
779,ACCEDE01939,1.46,2.12,d:/optilab/synchrony/data/videoACCEDE01939.mp4,lowV_lowA
780,ACCEDE08025,1.42,2.12,d:/optilab/synchrony/data/videoACCEDE08025.mp4,lowV_lowA
781,ACCEDE04851,1.37,2.13,d:/optilab/synchrony/data/videoACCEDE04851.mp4,lowV_lowA
782,ACCEDE07737,1.67,2.13,d:/optilab/synchrony/data/videoACCEDE07737.mp4,lowV_lowA
783,ACCEDE06283,1.39,2.13,d:/optilab/synchrony/data/videoACCEDE06283.mp4,lowV_lowA
784,ACCEDE07977,1.35,2.13,d:/optilab/synchrony/data/videoACCEDE07977.mp4,lowV_lowA
785,ACCEDE09462,1.64,2.13,d:/optilab/synchrony/data/videoACCEDE09462.mp4,lowV_lowA
786,ACCEDE00425,1.33,2.14,d:/optilab/synchrony/data/videoACCEDE00425.mp4,lowV_lowA
787,ACCEDE01473,1.62,2.14,d:/optilab/synchrony/data/videoACCEDE01473.mp4,lowV_lowA
788,ACCEDE00450,1.57,2.14,d:/optilab/synchrony/data/videoACCEDE00450.mp4,lowV_lowA
789,ACCEDE05845,1.61,2.14,d:/optilab/synchrony/data/videoACCEDE05845.mp4,lowV_lowA
790,ACCEDE07907,1.49,2.14,d:/optilab/synchrony/data/videoACCEDE07907.mp4,lowV_lowA
791,ACCEDE01235,1.6,2.14,d:/optilab/synchrony/data/videoACCEDE01235.mp4,lowV_lowA
792,ACCEDE00784,1.36,2.14,d:/optilab/synchrony/data/videoACCEDE00784.mp4,lowV_lowA
793,ACCEDE07760,1.4,2.15,d:/optilab/synchrony/data/videoACCEDE07760.mp4,lowV_lowA
794,ACCEDE02503,1.46,2.15,d:/optilab/synchrony/data/videoACCEDE02503.mp4,lowV_lowA
795,ACCEDE05106,1.43,2.15,d:/optilab/synchrony/data/videoACCEDE05106.mp4,lowV_lowA
796,ACCEDE01926,1.55,2.15,d:/optilab/synchrony/data/videoACCEDE01926.mp4,lowV_lowA
797,ACCEDE04486,1.65,2.16,d:/optilab/synchrony/data/videoACCEDE04486.mp4,lowV_lowA
798,ACCEDE04703,1.56,2.18,d:/optilab/synchrony/data/videoACCEDE04703.mp4,lowV_lowA
799,ACCEDE07983,1.54,2.18,d:/optilab/synchrony/data/videoACCEDE07983.mp4,lowV_lowA
