,video1_name,video1_affect,video2_name,video2_affect,condition
0,d:/optilab/synchrony/data/videoACCEDE06618.mp4,highV_highA,d:/optilab/synchrony/data/videoACCEDE02888.mp4,lowV_highA,diff_affect_diff_name
1,d:/optilab/synchrony/data/videoACCEDE09013.mp4,highV_highA,d:/optilab/synchrony/data/videoACCEDE05347.mp4,lowV_lowA,diff_affect_diff_name
2,d:/optilab/synchrony/data/videoACCEDE07643.mp4,highV_highA,d:/optilab/synchrony/data/videoACCEDE06709.mp4,highV_highA,same_affect_diff_name
3,d:/optilab/synchrony/data/videoACCEDE01212.mp4,highV_highA,d:/optilab/synchrony/data/videoACCEDE00751.mp4,highV_highA,same_affect_diff_name
4,d:/optilab/synchrony/data/videoACCEDE06669.mp4,highV_highA,d:/optilab/synchrony/data/videoACCEDE04021.mp4,lowV_lowA,diff_affect_diff_name
5,d:/optilab/synchrony/data/videoACCEDE01207.mp4,highV_highA,d:/optilab/synchrony/data/videoACCEDE02641.mp4,highV_lowA,diff_affect_diff_name
6,d:/optilab/synchrony/data/videoACCEDE08680.mp4,highV_highA,d:/optilab/synchrony/data/videoACCEDE03983.mp4,highV_lowA,diff_affect_diff_name
7,d:/optilab/synchrony/data/videoACCEDE08857.mp4,highV_highA,d:/optilab/synchrony/data/videoACCEDE03187.mp4,lowV_highA,diff_affect_diff_name
8,d:/optilab/synchrony/data/videoACCEDE08736.mp4,highV_highA,d:/optilab/synchrony/data/videoACCEDE07901.mp4,highV_highA,same_affect_diff_name
9,d:/optilab/synchrony/data/videoACCEDE00811.mp4,highV_highA,d:/optilab/synchrony/data/videoACCEDE09674.mp4,lowV_highA,diff_affect_diff_name
10,d:/optilab/synchrony/data/videoACCEDE04687.mp4,highV_highA,d:/optilab/synchrony/data/videoACCEDE02280.mp4,highV_lowA,diff_affect_diff_name
11,d:/optilab/synchrony/data/videoACCEDE01362.mp4,highV_highA,d:/optilab/synchrony/data/videoACCEDE07780.mp4,lowV_highA,diff_affect_diff_name
12,d:/optilab/synchrony/data/videoACCEDE07301.mp4,highV_highA,d:/optilab/synchrony/data/videoACCEDE04488.mp4,highV_highA,same_affect_diff_name
13,d:/optilab/synchrony/data/videoACCEDE01210.mp4,highV_highA,d:/optilab/synchrony/data/videoACCEDE04860.mp4,lowV_lowA,diff_affect_diff_name
14,d:/optilab/synchrony/data/videoACCEDE01218.mp4,highV_highA,d:/optilab/synchrony/data/videoACCEDE05832.mp4,highV_lowA,diff_affect_diff_name
15,d:/optilab/synchrony/data/videoACCEDE02734.mp4,highV_highA,d:/optilab/synchrony/data/videoACCEDE04935.mp4,highV_highA,same_affect_diff_name
16,d:/optilab/synchrony/data/videoACCEDE07140.mp4,highV_highA,d:/optilab/synchrony/data/videoACCEDE07406.mp4,highV_highA,same_affect_diff_name
17,d:/optilab/synchrony/data/videoACCEDE01188.mp4,highV_highA,d:/optilab/synchrony/data/videoACCEDE02158.mp4,highV_lowA,diff_affect_diff_name
18,d:/optilab/synchrony/data/videoACCEDE07442.mp4,highV_highA,d:/optilab/synchrony/data/videoACCEDE07781.mp4,lowV_highA,diff_affect_diff_name
19,d:/optilab/synchrony/data/videoACCEDE00107.mp4,highV_highA,d:/optilab/synchrony/data/videoACCEDE04344.mp4,lowV_highA,diff_affect_diff_name
20,d:/optilab/synchrony/data/videoACCEDE01208.mp4,highV_highA,d:/optilab/synchrony/data/videoACCEDE04318.mp4,highV_lowA,diff_affect_diff_name
21,d:/optilab/synchrony/data/videoACCEDE04975.mp4,highV_highA,d:/optilab/synchrony/data/videoACCEDE03914.mp4,lowV_lowA,diff_affect_diff_name
22,d:/optilab/synchrony/data/videoACCEDE01558.mp4,highV_highA,d:/optilab/synchrony/data/videoACCEDE01452.mp4,highV_lowA,diff_affect_diff_name
23,d:/optilab/synchrony/data/videoACCEDE02702.mp4,highV_highA,d:/optilab/synchrony/data/videoACCEDE05820.mp4,highV_lowA,diff_affect_diff_name
24,d:/optilab/synchrony/data/videoACCEDE07901.mp4,highV_highA,d:/optilab/synchrony/data/videoACCEDE09797.mp4,highV_lowA,diff_affect_diff_name
25,d:/optilab/synchrony/data/videoACCEDE00694.mp4,highV_highA,d:/optilab/synchrony/data/videoACCEDE05656.mp4,lowV_lowA,diff_affect_diff_name
26,d:/optilab/synchrony/data/videoACCEDE07406.mp4,highV_highA,d:/optilab/synchrony/data/videoACCEDE00715.mp4,highV_highA,same_affect_diff_name
27,d:/optilab/synchrony/data/videoACCEDE04283.mp4,highV_highA,d:/optilab/synchrony/data/videoACCEDE05451.mp4,highV_highA,same_affect_diff_name
28,d:/optilab/synchrony/data/videoACCEDE00866.mp4,highV_highA,d:/optilab/synchrony/data/videoACCEDE09265.mp4,highV_highA,same_affect_diff_name
29,d:/optilab/synchrony/data/videoACCEDE07097.mp4,highV_highA,d:/optilab/synchrony/data/videoACCEDE04797.mp4,highV_lowA,diff_affect_diff_name
30,d:/optilab/synchrony/data/videoACCEDE03898.mp4,highV_highA,d:/optilab/synchrony/data/videoACCEDE07140.mp4,highV_highA,same_affect_diff_name
31,d:/optilab/synchrony/data/videoACCEDE01094.mp4,highV_highA,d:/optilab/synchrony/data/videoACCEDE01875.mp4,highV_lowA,diff_affect_diff_name
32,d:/optilab/synchrony/data/videoACCEDE01687.mp4,highV_highA,d:/optilab/synchrony/data/videoACCEDE02603.mp4,lowV_highA,diff_affect_diff_name
33,d:/optilab/synchrony/data/videoACCEDE03909.mp4,highV_highA,d:/optilab/synchrony/data/videoACCEDE07080.mp4,highV_highA,same_affect_diff_name
34,d:/optilab/synchrony/data/videoACCEDE00204.mp4,highV_highA,d:/optilab/synchrony/data/videoACCEDE01926.mp4,lowV_lowA,diff_affect_diff_name
35,d:/optilab/synchrony/data/videoACCEDE07288.mp4,highV_highA,d:/optilab/synchrony/data/videoACCEDE07314.mp4,highV_highA,same_affect_diff_name
36,d:/optilab/synchrony/data/videoACCEDE06642.mp4,highV_highA,d:/optilab/synchrony/data/videoACCEDE02551.mp4,lowV_lowA,diff_affect_diff_name
37,d:/optilab/synchrony/data/videoACCEDE09160.mp4,highV_highA,d:/optilab/synchrony/data/videoACCEDE07091.mp4,highV_highA,same_affect_diff_name
38,d:/optilab/synchrony/data/videoACCEDE03370.mp4,highV_highA,d:/optilab/synchrony/data/videoACCEDE04321.mp4,highV_highA,same_affect_diff_name
39,d:/optilab/synchrony/data/videoACCEDE08805.mp4,highV_highA,d:/optilab/synchrony/data/videoACCEDE00425.mp4,lowV_lowA,diff_affect_diff_name
40,d:/optilab/synchrony/data/videoACCEDE03928.mp4,highV_highA,d:/optilab/synchrony/data/videoACCEDE04364.mp4,lowV_highA,diff_affect_diff_name
41,d:/optilab/synchrony/data/videoACCEDE07101.mp4,highV_highA,d:/optilab/synchrony/data/videoACCEDE00866.mp4,highV_highA,same_affect_diff_name
42,d:/optilab/synchrony/data/videoACCEDE02763.mp4,highV_highA,d:/optilab/synchrony/data/videoACCEDE04141.mp4,lowV_lowA,diff_affect_diff_name
43,d:/optilab/synchrony/data/videoACCEDE07132.mp4,highV_highA,d:/optilab/synchrony/data/videoACCEDE06868.mp4,lowV_highA,diff_affect_diff_name
44,d:/optilab/synchrony/data/videoACCEDE01861.mp4,highV_highA,d:/optilab/synchrony/data/videoACCEDE03300.mp4,lowV_lowA,diff_affect_diff_name
45,d:/optilab/synchrony/data/videoACCEDE08799.mp4,highV_highA,d:/optilab/synchrony/data/videoACCEDE03269.mp4,lowV_highA,diff_affect_diff_name
46,d:/optilab/synchrony/data/videoACCEDE01804.mp4,highV_highA,d:/optilab/synchrony/data/videoACCEDE09013.mp4,highV_highA,same_affect_diff_name
47,d:/optilab/synchrony/data/videoACCEDE00354.mp4,highV_highA,d:/optilab/synchrony/data/videoACCEDE01179.mp4,highV_lowA,diff_affect_diff_name
48,d:/optilab/synchrony/data/videoACCEDE04535.mp4,highV_highA,d:/optilab/synchrony/data/videoACCEDE01378.mp4,highV_lowA,diff_affect_diff_name
49,d:/optilab/synchrony/data/videoACCEDE00210.mp4,highV_highA,d:/optilab/synchrony/data/videoACCEDE00842.mp4,highV_lowA,diff_affect_diff_name
50,d:/optilab/synchrony/data/videoACCEDE04847.mp4,highV_highA,d:/optilab/synchrony/data/videoACCEDE07359.mp4,lowV_lowA,diff_affect_diff_name
51,d:/optilab/synchrony/data/videoACCEDE06645.mp4,highV_highA,d:/optilab/synchrony/data/videoACCEDE09251.mp4,highV_highA,same_affect_diff_name
52,d:/optilab/synchrony/data/videoACCEDE05578.mp4,highV_highA,d:/optilab/synchrony/data/videoACCEDE01361.mp4,highV_lowA,diff_affect_diff_name
53,d:/optilab/synchrony/data/videoACCEDE03751.mp4,highV_highA,d:/optilab/synchrony/data/videoACCEDE07070.mp4,highV_highA,same_affect_diff_name
54,d:/optilab/synchrony/data/videoACCEDE07272.mp4,highV_highA,d:/optilab/synchrony/data/videoACCEDE04359.mp4,lowV_lowA,diff_affect_diff_name
55,d:/optilab/synchrony/data/videoACCEDE02643.mp4,highV_highA,d:/optilab/synchrony/data/videoACCEDE00982.mp4,lowV_highA,diff_affect_diff_name
56,d:/optilab/synchrony/data/videoACCEDE08204.mp4,highV_highA,d:/optilab/synchrony/data/videoACCEDE03492.mp4,highV_lowA,diff_affect_diff_name
57,d:/optilab/synchrony/data/videoACCEDE06716.mp4,highV_highA,d:/optilab/synchrony/data/videoACCEDE06618.mp4,highV_highA,same_affect_diff_name
58,d:/optilab/synchrony/data/videoACCEDE00230.mp4,highV_highA,d:/optilab/synchrony/data/videoACCEDE02600.mp4,lowV_highA,diff_affect_diff_name
59,d:/optilab/synchrony/data/videoACCEDE09022.mp4,highV_highA,d:/optilab/synchrony/data/videoACCEDE02111.mp4,lowV_highA,diff_affect_diff_name
60,d:/optilab/synchrony/data/videoACCEDE07091.mp4,highV_highA,d:/optilab/synchrony/data/videoACCEDE03629.mp4,highV_lowA,diff_affect_diff_name
61,d:/optilab/synchrony/data/videoACCEDE09251.mp4,highV_highA,d:/optilab/synchrony/data/videoACCEDE06381.mp4,highV_lowA,diff_affect_diff_name
62,d:/optilab/synchrony/data/videoACCEDE02817.mp4,highV_highA,d:/optilab/synchrony/data/videoACCEDE06070.mp4,lowV_lowA,diff_affect_diff_name
63,d:/optilab/synchrony/data/videoACCEDE02126.mp4,highV_highA,d:/optilab/synchrony/data/videoACCEDE01397.mp4,lowV_highA,diff_affect_diff_name
64,d:/optilab/synchrony/data/videoACCEDE06715.mp4,highV_highA,d:/optilab/synchrony/data/videoACCEDE02643.mp4,highV_highA,same_affect_diff_name
65,d:/optilab/synchrony/data/videoACCEDE05629.mp4,highV_highA,d:/optilab/synchrony/data/videoACCEDE02433.mp4,lowV_lowA,diff_affect_diff_name
66,d:/optilab/synchrony/data/videoACCEDE08877.mp4,highV_highA,d:/optilab/synchrony/data/videoACCEDE04283.mp4,highV_highA,same_affect_diff_name
67,d:/optilab/synchrony/data/videoACCEDE06509.mp4,highV_highA,d:/optilab/synchrony/data/videoACCEDE01789.mp4,lowV_lowA,diff_affect_diff_name
68,d:/optilab/synchrony/data/videoACCEDE02247.mp4,highV_highA,d:/optilab/synchrony/data/videoACCEDE02537.mp4,lowV_lowA,diff_affect_diff_name
69,d:/optilab/synchrony/data/videoACCEDE08486.mp4,highV_highA,d:/optilab/synchrony/data/videoACCEDE09287.mp4,lowV_highA,diff_affect_diff_name
70,d:/optilab/synchrony/data/videoACCEDE06625.mp4,highV_highA,d:/optilab/synchrony/data/videoACCEDE08872.mp4,lowV_highA,diff_affect_diff_name
71,d:/optilab/synchrony/data/videoACCEDE08887.mp4,highV_highA,d:/optilab/synchrony/data/videoACCEDE03128.mp4,lowV_highA,diff_affect_diff_name
72,d:/optilab/synchrony/data/videoACCEDE00751.mp4,highV_highA,d:/optilab/synchrony/data/videoACCEDE09226.mp4,highV_lowA,diff_affect_diff_name
73,d:/optilab/synchrony/data/videoACCEDE05226.mp4,highV_highA,d:/optilab/synchrony/data/videoACCEDE01039.mp4,lowV_highA,diff_affect_diff_name
74,d:/optilab/synchrony/data/videoACCEDE05451.mp4,highV_highA,d:/optilab/synchrony/data/videoACCEDE02638.mp4,highV_lowA,diff_affect_diff_name
75,d:/optilab/synchrony/data/videoACCEDE00951.mp4,highV_highA,d:/optilab/synchrony/data/videoACCEDE07453.mp4,highV_lowA,diff_affect_diff_name
76,d:/optilab/synchrony/data/videoACCEDE07117.mp4,highV_highA,d:/optilab/synchrony/data/videoACCEDE06716.mp4,highV_highA,same_affect_diff_name
77,d:/optilab/synchrony/data/videoACCEDE06709.mp4,highV_highA,d:/optilab/synchrony/data/videoACCEDE02577.mp4,lowV_highA,diff_affect_diff_name
78,d:/optilab/synchrony/data/videoACCEDE09265.mp4,highV_highA,d:/optilab/synchrony/data/videoACCEDE02058.mp4,lowV_highA,diff_affect_diff_name
79,d:/optilab/synchrony/data/videoACCEDE04964.mp4,highV_highA,d:/optilab/synchrony/data/videoACCEDE07478.mp4,highV_lowA,diff_affect_diff_name
80,d:/optilab/synchrony/data/videoACCEDE07080.mp4,highV_highA,d:/optilab/synchrony/data/videoACCEDE02594.mp4,lowV_highA,diff_affect_diff_name
81,d:/optilab/synchrony/data/videoACCEDE00659.mp4,highV_highA,d:/optilab/synchrony/data/videoACCEDE01212.mp4,highV_highA,same_affect_diff_name
82,d:/optilab/synchrony/data/videoACCEDE00715.mp4,highV_highA,d:/optilab/synchrony/data/videoACCEDE02518.mp4,lowV_highA,diff_affect_diff_name
83,d:/optilab/synchrony/data/videoACCEDE01668.mp4,highV_highA,d:/optilab/synchrony/data/videoACCEDE04830.mp4,lowV_lowA,diff_affect_diff_name
84,d:/optilab/synchrony/data/videoACCEDE00685.mp4,highV_highA,d:/optilab/synchrony/data/videoACCEDE01762.mp4,highV_lowA,diff_affect_diff_name
85,d:/optilab/synchrony/data/videoACCEDE01373.mp4,highV_highA,d:/optilab/synchrony/data/videoACCEDE01255.mp4,lowV_lowA,diff_affect_diff_name
86,d:/optilab/synchrony/data/videoACCEDE04321.mp4,highV_highA,d:/optilab/synchrony/data/videoACCEDE01375.mp4,highV_lowA,diff_affect_diff_name
87,d:/optilab/synchrony/data/videoACCEDE00496.mp4,highV_highA,d:/optilab/synchrony/data/videoACCEDE08349.mp4,lowV_highA,diff_affect_diff_name
88,d:/optilab/synchrony/data/videoACCEDE07070.mp4,highV_highA,d:/optilab/synchrony/data/videoACCEDE04165.mp4,lowV_lowA,diff_affect_diff_name
89,d:/optilab/synchrony/data/videoACCEDE00357.mp4,highV_highA,d:/optilab/synchrony/data/videoACCEDE00775.mp4,highV_lowA,diff_affect_diff_name
90,d:/optilab/synchrony/data/videoACCEDE07314.mp4,highV_highA,d:/optilab/synchrony/data/videoACCEDE00991.mp4,highV_lowA,diff_affect_diff_name
91,d:/optilab/synchrony/data/videoACCEDE04395.mp4,highV_highA,d:/optilab/synchrony/data/videoACCEDE08751.mp4,lowV_lowA,diff_affect_diff_name
92,d:/optilab/synchrony/data/videoACCEDE00750.mp4,highV_highA,d:/optilab/synchrony/data/videoACCEDE01210.mp4,highV_highA,same_affect_diff_name
93,d:/optilab/synchrony/data/videoACCEDE08012.mp4,highV_highA,d:/optilab/synchrony/data/videoACCEDE00573.mp4,lowV_highA,diff_affect_diff_name
94,d:/optilab/synchrony/data/videoACCEDE08375.mp4,highV_highA,d:/optilab/synchrony/data/videoACCEDE09798.mp4,highV_lowA,diff_affect_diff_name
95,d:/optilab/synchrony/data/videoACCEDE06665.mp4,highV_highA,d:/optilab/synchrony/data/videoACCEDE05106.mp4,lowV_lowA,diff_affect_diff_name
96,d:/optilab/synchrony/data/videoACCEDE05469.mp4,highV_highA,d:/optilab/synchrony/data/videoACCEDE01861.mp4,highV_highA,same_affect_diff_name
97,d:/optilab/synchrony/data/videoACCEDE04488.mp4,highV_highA,d:/optilab/synchrony/data/videoACCEDE02708.mp4,lowV_highA,diff_affect_diff_name
98,d:/optilab/synchrony/data/videoACCEDE04935.mp4,highV_highA,d:/optilab/synchrony/data/videoACCEDE03751.mp4,highV_highA,same_affect_diff_name
99,d:/optilab/synchrony/data/videoACCEDE01214.mp4,highV_highA,d:/optilab/synchrony/data/videoACCEDE05472.mp4,highV_lowA,diff_affect_diff_name
100,d:/optilab/synchrony/data/videoACCEDE08491.mp4,highV_lowA,d:/optilab/synchrony/data/videoACCEDE03909.mp4,highV_highA,diff_affect_diff_name
101,d:/optilab/synchrony/data/videoACCEDE07453.mp4,highV_lowA,d:/optilab/synchrony/data/videoACCEDE01272.mp4,lowV_highA,diff_affect_diff_name
102,d:/optilab/synchrony/data/videoACCEDE01762.mp4,highV_lowA,d:/optilab/synchrony/data/videoACCEDE00415.mp4,lowV_highA,diff_affect_diff_name
103,d:/optilab/synchrony/data/videoACCEDE09798.mp4,highV_lowA,d:/optilab/synchrony/data/videoACCEDE06665.mp4,highV_highA,diff_affect_diff_name
104,d:/optilab/synchrony/data/videoACCEDE03822.mp4,highV_lowA,d:/optilab/synchrony/data/videoACCEDE04687.mp4,highV_highA,diff_affect_diff_name
105,d:/optilab/synchrony/data/videoACCEDE05820.mp4,highV_lowA,d:/optilab/synchrony/data/videoACCEDE01050.mp4,lowV_lowA,diff_affect_diff_name
106,d:/optilab/synchrony/data/videoACCEDE04318.mp4,highV_lowA,d:/optilab/synchrony/data/videoACCEDE06548.mp4,lowV_highA,diff_affect_diff_name
107,d:/optilab/synchrony/data/videoACCEDE05223.mp4,highV_lowA,d:/optilab/synchrony/data/videoACCEDE03399.mp4,lowV_highA,diff_affect_diff_name
108,d:/optilab/synchrony/data/videoACCEDE08583.mp4,highV_lowA,d:/optilab/synchrony/data/videoACCEDE00496.mp4,highV_highA,diff_affect_diff_name
109,d:/optilab/synchrony/data/videoACCEDE00535.mp4,highV_lowA,d:/optilab/synchrony/data/videoACCEDE02241.mp4,lowV_lowA,diff_affect_diff_name
110,d:/optilab/synchrony/data/videoACCEDE05359.mp4,highV_lowA,d:/optilab/synchrony/data/videoACCEDE01234.mp4,lowV_highA,diff_affect_diff_name
111,d:/optilab/synchrony/data/videoACCEDE00385.mp4,highV_lowA,d:/optilab/synchrony/data/videoACCEDE00204.mp4,highV_highA,diff_affect_diff_name
112,d:/optilab/synchrony/data/videoACCEDE00159.mp4,highV_lowA,d:/optilab/synchrony/data/videoACCEDE06838.mp4,lowV_lowA,diff_affect_diff_name
113,d:/optilab/synchrony/data/videoACCEDE03492.mp4,highV_lowA,d:/optilab/synchrony/data/videoACCEDE08491.mp4,highV_lowA,same_affect_diff_name
114,d:/optilab/synchrony/data/videoACCEDE01375.mp4,highV_lowA,d:/optilab/synchrony/data/videoACCEDE00407.mp4,lowV_lowA,diff_affect_diff_name
115,d:/optilab/synchrony/data/videoACCEDE00167.mp4,highV_lowA,d:/optilab/synchrony/data/videoACCEDE04304.mp4,highV_lowA,same_affect_diff_name
116,d:/optilab/synchrony/data/videoACCEDE09031.mp4,highV_lowA,d:/optilab/synchrony/data/videoACCEDE07301.mp4,highV_highA,diff_affect_diff_name
117,d:/optilab/synchrony/data/videoACCEDE09628.mp4,highV_lowA,d:/optilab/synchrony/data/videoACCEDE01159.mp4,highV_lowA,same_affect_diff_name
118,d:/optilab/synchrony/data/videoACCEDE07478.mp4,highV_lowA,d:/optilab/synchrony/data/videoACCEDE07807.mp4,highV_lowA,same_affect_diff_name
119,d:/optilab/synchrony/data/videoACCEDE07915.mp4,highV_lowA,d:/optilab/synchrony/data/videoACCEDE08025.mp4,lowV_lowA,diff_affect_diff_name
120,d:/optilab/synchrony/data/videoACCEDE04243.mp4,highV_lowA,d:/optilab/synchrony/data/videoACCEDE02927.mp4,lowV_highA,diff_affect_diff_name
121,d:/optilab/synchrony/data/videoACCEDE01551.mp4,highV_lowA,d:/optilab/synchrony/data/videoACCEDE07756.mp4,lowV_highA,diff_affect_diff_name
122,d:/optilab/synchrony/data/videoACCEDE04177.mp4,highV_lowA,d:/optilab/synchrony/data/videoACCEDE03027.mp4,lowV_lowA,diff_affect_diff_name
123,d:/optilab/synchrony/data/videoACCEDE01091.mp4,highV_lowA,d:/optilab/synchrony/data/videoACCEDE07643.mp4,highV_highA,diff_affect_diff_name
124,d:/optilab/synchrony/data/videoACCEDE09207.mp4,highV_lowA,d:/optilab/synchrony/data/videoACCEDE04383.mp4,lowV_lowA,diff_affect_diff_name
125,d:/optilab/synchrony/data/videoACCEDE07930.mp4,highV_lowA,d:/optilab/synchrony/data/videoACCEDE02575.mp4,lowV_highA,diff_affect_diff_name
126,d:/optilab/synchrony/data/videoACCEDE06621.mp4,highV_lowA,d:/optilab/synchrony/data/videoACCEDE02079.mp4,lowV_highA,diff_affect_diff_name
127,d:/optilab/synchrony/data/videoACCEDE05832.mp4,highV_lowA,d:/optilab/synchrony/data/videoACCEDE05967.mp4,lowV_lowA,diff_affect_diff_name
128,d:/optilab/synchrony/data/videoACCEDE00991.mp4,highV_lowA,d:/optilab/synchrony/data/videoACCEDE02439.mp4,lowV_highA,diff_affect_diff_name
129,d:/optilab/synchrony/data/videoACCEDE09480.mp4,highV_lowA,d:/optilab/synchrony/data/videoACCEDE03879.mp4,highV_lowA,same_affect_diff_name
130,d:/optilab/synchrony/data/videoACCEDE09372.mp4,highV_lowA,d:/optilab/synchrony/data/videoACCEDE05362.mp4,highV_lowA,same_affect_diff_name
131,d:/optilab/synchrony/data/videoACCEDE04466.mp4,highV_lowA,d:/optilab/synchrony/data/videoACCEDE04042.mp4,lowV_lowA,diff_affect_diff_name
132,d:/optilab/synchrony/data/videoACCEDE00842.mp4,highV_lowA,d:/optilab/synchrony/data/videoACCEDE09607.mp4,highV_lowA,same_affect_diff_name
133,d:/optilab/synchrony/data/videoACCEDE08582.mp4,highV_lowA,d:/optilab/synchrony/data/videoACCEDE05058.mp4,lowV_lowA,diff_affect_diff_name
134,d:/optilab/synchrony/data/videoACCEDE09607.mp4,highV_lowA,d:/optilab/synchrony/data/videoACCEDE08486.mp4,highV_highA,diff_affect_diff_name
135,d:/optilab/synchrony/data/videoACCEDE01179.mp4,highV_lowA,d:/optilab/synchrony/data/videoACCEDE07773.mp4,lowV_highA,diff_affect_diff_name
136,d:/optilab/synchrony/data/videoACCEDE00721.mp4,highV_lowA,d:/optilab/synchrony/data/videoACCEDE02765.mp4,lowV_highA,diff_affect_diff_name
137,d:/optilab/synchrony/data/videoACCEDE02641.mp4,highV_lowA,d:/optilab/synchrony/data/videoACCEDE01094.mp4,highV_highA,diff_affect_diff_name
138,d:/optilab/synchrony/data/videoACCEDE01361.mp4,highV_lowA,d:/optilab/synchrony/data/videoACCEDE02126.mp4,highV_highA,diff_affect_diff_name
139,d:/optilab/synchrony/data/videoACCEDE07369.mp4,highV_lowA,d:/optilab/synchrony/data/videoACCEDE02469.mp4,lowV_lowA,diff_affect_diff_name
140,d:/optilab/synchrony/data/videoACCEDE01378.mp4,highV_lowA,d:/optilab/synchrony/data/videoACCEDE02450.mp4,lowV_highA,diff_affect_diff_name
141,d:/optilab/synchrony/data/videoACCEDE01823.mp4,highV_lowA,d:/optilab/synchrony/data/videoACCEDE00659.mp4,highV_highA,diff_affect_diff_name
142,d:/optilab/synchrony/data/videoACCEDE00249.mp4,highV_lowA,d:/optilab/synchrony/data/videoACCEDE00750.mp4,highV_highA,diff_affect_diff_name
143,d:/optilab/synchrony/data/videoACCEDE08152.mp4,highV_lowA,d:/optilab/synchrony/data/videoACCEDE02096.mp4,lowV_highA,diff_affect_diff_name
144,d:/optilab/synchrony/data/videoACCEDE01875.mp4,highV_lowA,d:/optilab/synchrony/data/videoACCEDE08012.mp4,highV_highA,diff_affect_diff_name
145,d:/optilab/synchrony/data/videoACCEDE05472.mp4,highV_lowA,d:/optilab/synchrony/data/videoACCEDE09022.mp4,highV_highA,diff_affect_diff_name
146,d:/optilab/synchrony/data/videoACCEDE06458.mp4,highV_lowA,d:/optilab/synchrony/data/videoACCEDE05578.mp4,highV_highA,diff_affect_diff_name
147,d:/optilab/synchrony/data/videoACCEDE01090.mp4,highV_lowA,d:/optilab/synchrony/data/videoACCEDE00354.mp4,highV_highA,diff_affect_diff_name
148,d:/optilab/synchrony/data/videoACCEDE09210.mp4,highV_lowA,d:/optilab/synchrony/data/videoACCEDE05223.mp4,highV_lowA,same_affect_diff_name
149,d:/optilab/synchrony/data/videoACCEDE07251.mp4,highV_lowA,d:/optilab/synchrony/data/videoACCEDE09417.mp4,lowV_lowA,diff_affect_diff_name
150,d:/optilab/synchrony/data/videoACCEDE04113.mp4,highV_lowA,d:/optilab/synchrony/data/videoACCEDE09210.mp4,highV_lowA,same_affect_diff_name
151,d:/optilab/synchrony/data/videoACCEDE01356.mp4,highV_lowA,d:/optilab/synchrony/data/videoACCEDE07165.mp4,lowV_highA,diff_affect_diff_name
152,d:/optilab/synchrony/data/videoACCEDE01545.mp4,highV_lowA,d:/optilab/synchrony/data/videoACCEDE07132.mp4,highV_highA,diff_affect_diff_name
153,d:/optilab/synchrony/data/videoACCEDE06525.mp4,highV_lowA,d:/optilab/synchrony/data/videoACCEDE06285.mp4,lowV_highA,diff_affect_diff_name
154,d:/optilab/synchrony/data/videoACCEDE00386.mp4,highV_lowA,d:/optilab/synchrony/data/videoACCEDE02735.mp4,highV_lowA,same_affect_diff_name
155,d:/optilab/synchrony/data/videoACCEDE03879.mp4,highV_lowA,d:/optilab/synchrony/data/videoACCEDE06669.mp4,highV_highA,diff_affect_diff_name
156,d:/optilab/synchrony/data/videoACCEDE00775.mp4,highV_lowA,d:/optilab/synchrony/data/videoACCEDE08204.mp4,highV_highA,diff_affect_diff_name
157,d:/optilab/synchrony/data/videoACCEDE02621.mp4,highV_lowA,d:/optilab/synchrony/data/videoACCEDE00230.mp4,highV_highA,diff_affect_diff_name
158,d:/optilab/synchrony/data/videoACCEDE04797.mp4,highV_lowA,d:/optilab/synchrony/data/videoACCEDE01038.mp4,lowV_lowA,diff_affect_diff_name
159,d:/optilab/synchrony/data/videoACCEDE07243.mp4,highV_lowA,d:/optilab/synchrony/data/videoACCEDE06550.mp4,lowV_highA,diff_affect_diff_name
160,d:/optilab/synchrony/data/videoACCEDE06391.mp4,highV_lowA,d:/optilab/synchrony/data/videoACCEDE07960.mp4,lowV_lowA,diff_affect_diff_name
161,d:/optilab/synchrony/data/videoACCEDE07099.mp4,highV_lowA,d:/optilab/synchrony/data/videoACCEDE01091.mp4,highV_lowA,same_affect_diff_name
162,d:/optilab/synchrony/data/videoACCEDE02638.mp4,highV_lowA,d:/optilab/synchrony/data/videoACCEDE07907.mp4,lowV_lowA,diff_affect_diff_name
163,d:/optilab/synchrony/data/videoACCEDE07409.mp4,highV_lowA,d:/optilab/synchrony/data/videoACCEDE02763.mp4,highV_highA,diff_affect_diff_name
164,d:/optilab/synchrony/data/videoACCEDE08699.mp4,highV_lowA,d:/optilab/synchrony/data/videoACCEDE06391.mp4,highV_lowA,same_affect_diff_name
165,d:/optilab/synchrony/data/videoACCEDE07390.mp4,highV_lowA,d:/optilab/synchrony/data/videoACCEDE06442.mp4,lowV_lowA,diff_affect_diff_name
166,d:/optilab/synchrony/data/videoACCEDE07250.mp4,highV_lowA,d:/optilab/synchrony/data/videoACCEDE05310.mp4,lowV_lowA,diff_affect_diff_name
167,d:/optilab/synchrony/data/videoACCEDE00539.mp4,highV_lowA,d:/optilab/synchrony/data/videoACCEDE06715.mp4,highV_highA,diff_affect_diff_name
168,d:/optilab/synchrony/data/videoACCEDE01892.mp4,highV_lowA,d:/optilab/synchrony/data/videoACCEDE03822.mp4,highV_lowA,same_affect_diff_name
169,d:/optilab/synchrony/data/videoACCEDE04314.mp4,highV_lowA,d:/optilab/synchrony/data/videoACCEDE06458.mp4,highV_lowA,same_affect_diff_name
170,d:/optilab/synchrony/data/videoACCEDE01159.mp4,highV_lowA,d:/optilab/synchrony/data/videoACCEDE06621.mp4,highV_lowA,same_affect_diff_name
171,d:/optilab/synchrony/data/videoACCEDE02735.mp4,highV_lowA,d:/optilab/synchrony/data/videoACCEDE04243.mp4,highV_lowA,same_affect_diff_name
172,d:/optilab/synchrony/data/videoACCEDE02158.mp4,highV_lowA,d:/optilab/synchrony/data/videoACCEDE02448.mp4,lowV_highA,diff_affect_diff_name
173,d:/optilab/synchrony/data/videoACCEDE07128.mp4,highV_lowA,d:/optilab/synchrony/data/videoACCEDE04380.mp4,lowV_highA,diff_affect_diff_name
174,d:/optilab/synchrony/data/videoACCEDE00682.mp4,highV_lowA,d:/optilab/synchrony/data/videoACCEDE00784.mp4,lowV_lowA,diff_affect_diff_name
175,d:/optilab/synchrony/data/videoACCEDE01742.mp4,highV_lowA,d:/optilab/synchrony/data/videoACCEDE03048.mp4,lowV_lowA,diff_affect_diff_name
176,d:/optilab/synchrony/data/videoACCEDE09226.mp4,highV_lowA,d:/optilab/synchrony/data/videoACCEDE00385.mp4,highV_lowA,same_affect_diff_name
177,d:/optilab/synchrony/data/videoACCEDE03629.mp4,highV_lowA,d:/optilab/synchrony/data/videoACCEDE02584.mp4,lowV_highA,diff_affect_diff_name
178,d:/optilab/synchrony/data/videoACCEDE06381.mp4,highV_lowA,d:/optilab/synchrony/data/videoACCEDE02093.mp4,lowV_highA,diff_affect_diff_name
179,d:/optilab/synchrony/data/videoACCEDE04956.mp4,highV_lowA,d:/optilab/synchrony/data/videoACCEDE06162.mp4,lowV_lowA,diff_affect_diff_name
180,d:/optilab/synchrony/data/videoACCEDE05362.mp4,highV_lowA,d:/optilab/synchrony/data/videoACCEDE00539.mp4,highV_lowA,same_affect_diff_name
181,d:/optilab/synchrony/data/videoACCEDE01328.mp4,highV_lowA,d:/optilab/synchrony/data/videoACCEDE07369.mp4,highV_lowA,same_affect_diff_name
182,d:/optilab/synchrony/data/videoACCEDE06722.mp4,highV_lowA,d:/optilab/synchrony/data/videoACCEDE04955.mp4,lowV_lowA,diff_affect_diff_name
183,d:/optilab/synchrony/data/videoACCEDE01610.mp4,highV_lowA,d:/optilab/synchrony/data/videoACCEDE00739.mp4,lowV_highA,diff_affect_diff_name
184,d:/optilab/synchrony/data/videoACCEDE04996.mp4,highV_lowA,d:/optilab/synchrony/data/videoACCEDE04851.mp4,lowV_lowA,diff_affect_diff_name
185,d:/optilab/synchrony/data/videoACCEDE04304.mp4,highV_lowA,d:/optilab/synchrony/data/videoACCEDE00777.mp4,highV_lowA,same_affect_diff_name
186,d:/optilab/synchrony/data/videoACCEDE01683.mp4,highV_lowA,d:/optilab/synchrony/data/videoACCEDE05287.mp4,lowV_lowA,diff_affect_diff_name
187,d:/optilab/synchrony/data/videoACCEDE01088.mp4,highV_lowA,d:/optilab/synchrony/data/videoACCEDE07442.mp4,highV_highA,diff_affect_diff_name
188,d:/optilab/synchrony/data/videoACCEDE06752.mp4,highV_lowA,d:/optilab/synchrony/data/videoACCEDE01287.mp4,lowV_highA,diff_affect_diff_name
189,d:/optilab/synchrony/data/videoACCEDE02280.mp4,highV_lowA,d:/optilab/synchrony/data/videoACCEDE02097.mp4,lowV_highA,diff_affect_diff_name
190,d:/optilab/synchrony/data/videoACCEDE07025.mp4,highV_lowA,d:/optilab/synchrony/data/videoACCEDE05469.mp4,highV_highA,diff_affect_diff_name
191,d:/optilab/synchrony/data/videoACCEDE00537.mp4,highV_lowA,d:/optilab/synchrony/data/videoACCEDE04943.mp4,lowV_lowA,diff_affect_diff_name
192,d:/optilab/synchrony/data/videoACCEDE09797.mp4,highV_lowA,d:/optilab/synchrony/data/videoACCEDE02421.mp4,lowV_highA,diff_affect_diff_name
193,d:/optilab/synchrony/data/videoACCEDE03983.mp4,highV_lowA,d:/optilab/synchrony/data/videoACCEDE06690.mp4,lowV_lowA,diff_affect_diff_name
194,d:/optilab/synchrony/data/videoACCEDE01452.mp4,highV_lowA,d:/optilab/synchrony/data/videoACCEDE07930.mp4,highV_lowA,same_affect_diff_name
195,d:/optilab/synchrony/data/videoACCEDE07807.mp4,highV_lowA,d:/optilab/synchrony/data/videoACCEDE04614.mp4,lowV_highA,diff_affect_diff_name
196,d:/optilab/synchrony/data/videoACCEDE06597.mp4,highV_lowA,d:/optilab/synchrony/data/videoACCEDE05497.mp4,lowV_lowA,diff_affect_diff_name
197,d:/optilab/synchrony/data/videoACCEDE07985.mp4,highV_lowA,d:/optilab/synchrony/data/videoACCEDE00167.mp4,highV_lowA,same_affect_diff_name
198,d:/optilab/synchrony/data/videoACCEDE00777.mp4,highV_lowA,d:/optilab/synchrony/data/videoACCEDE08861.mp4,lowV_lowA,diff_affect_diff_name
199,d:/optilab/synchrony/data/videoACCEDE00542.mp4,highV_lowA,d:/optilab/synchrony/data/videoACCEDE09584.mp4,lowV_lowA,diff_affect_diff_name
200,d:/optilab/synchrony/data/videoACCEDE07754.mp4,lowV_highA,d:/optilab/synchrony/data/videoACCEDE01362.mp4,highV_highA,diff_affect_diff_name
201,d:/optilab/synchrony/data/videoACCEDE02584.mp4,lowV_highA,d:/optilab/synchrony/data/videoACCEDE01231.mp4,lowV_lowA,diff_affect_diff_name
202,d:/optilab/synchrony/data/videoACCEDE07752.mp4,lowV_highA,d:/optilab/synchrony/data/videoACCEDE07749.mp4,lowV_highA,same_affect_diff_name
203,d:/optilab/synchrony/data/videoACCEDE07743.mp4,lowV_highA,d:/optilab/synchrony/data/videoACCEDE07760.mp4,lowV_lowA,diff_affect_diff_name
204,d:/optilab/synchrony/data/videoACCEDE07761.mp4,lowV_highA,d:/optilab/synchrony/data/videoACCEDE00682.mp4,highV_lowA,diff_affect_diff_name
205,d:/optilab/synchrony/data/videoACCEDE07749.mp4,lowV_highA,d:/optilab/synchrony/data/videoACCEDE02734.mp4,highV_highA,diff_affect_diff_name
206,d:/optilab/synchrony/data/videoACCEDE08437.mp4,lowV_highA,d:/optilab/synchrony/data/videoACCEDE03317.mp4,lowV_lowA,diff_affect_diff_name
207,d:/optilab/synchrony/data/videoACCEDE02093.mp4,lowV_highA,d:/optilab/synchrony/data/videoACCEDE07164.mp4,lowV_highA,same_affect_diff_name
208,d:/optilab/synchrony/data/videoACCEDE02554.mp4,lowV_highA,d:/optilab/synchrony/data/videoACCEDE09372.mp4,highV_lowA,diff_affect_diff_name
209,d:/optilab/synchrony/data/videoACCEDE02450.mp4,lowV_highA,d:/optilab/synchrony/data/videoACCEDE07754.mp4,lowV_highA,same_affect_diff_name
210,d:/optilab/synchrony/data/videoACCEDE02508.mp4,lowV_highA,d:/optilab/synchrony/data/videoACCEDE04823.mp4,lowV_lowA,diff_affect_diff_name
211,d:/optilab/synchrony/data/videoACCEDE07751.mp4,lowV_highA,d:/optilab/synchrony/data/videoACCEDE00386.mp4,highV_lowA,diff_affect_diff_name
212,d:/optilab/synchrony/data/videoACCEDE07756.mp4,lowV_highA,d:/optilab/synchrony/data/videoACCEDE09160.mp4,highV_highA,diff_affect_diff_name
213,d:/optilab/synchrony/data/videoACCEDE00973.mp4,lowV_highA,d:/optilab/synchrony/data/videoACCEDE07734.mp4,lowV_highA,same_affect_diff_name
214,d:/optilab/synchrony/data/videoACCEDE07165.mp4,lowV_highA,d:/optilab/synchrony/data/videoACCEDE01668.mp4,highV_highA,diff_affect_diff_name
215,d:/optilab/synchrony/data/videoACCEDE02105.mp4,lowV_highA,d:/optilab/synchrony/data/videoACCEDE06509.mp4,highV_highA,diff_affect_diff_name
216,d:/optilab/synchrony/data/videoACCEDE02888.mp4,lowV_highA,d:/optilab/synchrony/data/videoACCEDE07761.mp4,lowV_highA,same_affect_diff_name
217,d:/optilab/synchrony/data/videoACCEDE02594.mp4,lowV_highA,d:/optilab/synchrony/data/videoACCEDE07144.mp4,lowV_lowA,diff_affect_diff_name
218,d:/optilab/synchrony/data/videoACCEDE07780.mp4,lowV_highA,d:/optilab/synchrony/data/videoACCEDE03370.mp4,highV_highA,diff_affect_diff_name
219,d:/optilab/synchrony/data/videoACCEDE07771.mp4,lowV_highA,d:/optilab/synchrony/data/videoACCEDE02880.mp4,lowV_highA,same_affect_diff_name
220,d:/optilab/synchrony/data/videoACCEDE07164.mp4,lowV_highA,d:/optilab/synchrony/data/videoACCEDE00357.mp4,highV_highA,diff_affect_diff_name
221,d:/optilab/synchrony/data/videoACCEDE07779.mp4,lowV_highA,d:/optilab/synchrony/data/videoACCEDE04975.mp4,highV_highA,diff_affect_diff_name
222,d:/optilab/synchrony/data/videoACCEDE02887.mp4,lowV_highA,d:/optilab/synchrony/data/videoACCEDE00107.mp4,highV_highA,diff_affect_diff_name
223,d:/optilab/synchrony/data/videoACCEDE02112.mp4,lowV_highA,d:/optilab/synchrony/data/videoACCEDE07288.mp4,highV_highA,diff_affect_diff_name
224,d:/optilab/synchrony/data/videoACCEDE02575.mp4,lowV_highA,d:/optilab/synchrony/data/videoACCEDE07743.mp4,lowV_highA,same_affect_diff_name
225,d:/optilab/synchrony/data/videoACCEDE00573.mp4,lowV_highA,d:/optilab/synchrony/data/videoACCEDE06642.mp4,highV_highA,diff_affect_diff_name
226,d:/optilab/synchrony/data/videoACCEDE02558.mp4,lowV_highA,d:/optilab/synchrony/data/videoACCEDE04466.mp4,highV_lowA,diff_affect_diff_name
227,d:/optilab/synchrony/data/videoACCEDE02097.mp4,lowV_highA,d:/optilab/synchrony/data/videoACCEDE00694.mp4,highV_highA,diff_affect_diff_name
228,d:/optilab/synchrony/data/videoACCEDE06550.mp4,lowV_highA,d:/optilab/synchrony/data/videoACCEDE02247.mp4,highV_highA,diff_affect_diff_name
229,d:/optilab/synchrony/data/videoACCEDE04614.mp4,lowV_highA,d:/optilab/synchrony/data/videoACCEDE05350.mp4,lowV_highA,same_affect_diff_name
230,d:/optilab/synchrony/data/videoACCEDE02058.mp4,lowV_highA,d:/optilab/synchrony/data/videoACCEDE07779.mp4,lowV_highA,same_affect_diff_name
231,d:/optilab/synchrony/data/videoACCEDE07161.mp4,lowV_highA,d:/optilab/synchrony/data/videoACCEDE05358.mp4,lowV_highA,same_affect_diff_name
232,d:/optilab/synchrony/data/videoACCEDE00939.mp4,lowV_highA,d:/optilab/synchrony/data/videoACCEDE08805.mp4,highV_highA,diff_affect_diff_name
233,d:/optilab/synchrony/data/videoACCEDE04619.mp4,lowV_highA,d:/optilab/synchrony/data/videoACCEDE03898.mp4,highV_highA,diff_affect_diff_name
234,d:/optilab/synchrony/data/videoACCEDE07734.mp4,lowV_highA,d:/optilab/synchrony/data/videoACCEDE07581.mp4,lowV_highA,same_affect_diff_name
235,d:/optilab/synchrony/data/videoACCEDE02421.mp4,lowV_highA,d:/optilab/synchrony/data/videoACCEDE08877.mp4,highV_highA,diff_affect_diff_name
236,d:/optilab/synchrony/data/videoACCEDE02448.mp4,lowV_highA,d:/optilab/synchrony/data/videoACCEDE07915.mp4,highV_lowA,diff_affect_diff_name
237,d:/optilab/synchrony/data/videoACCEDE00982.mp4,lowV_highA,d:/optilab/synchrony/data/videoACCEDE07751.mp4,lowV_highA,same_affect_diff_name
238,d:/optilab/synchrony/data/videoACCEDE05358.mp4,lowV_highA,d:/optilab/synchrony/data/videoACCEDE00874.mp4,lowV_lowA,diff_affect_diff_name
239,d:/optilab/synchrony/data/videoACCEDE01234.mp4,lowV_highA,d:/optilab/synchrony/data/videoACCEDE03208.mp4,lowV_highA,same_affect_diff_name
240,d:/optilab/synchrony/data/videoACCEDE02079.mp4,lowV_highA,d:/optilab/synchrony/data/videoACCEDE05226.mp4,highV_highA,diff_affect_diff_name
241,d:/optilab/synchrony/data/videoACCEDE06285.mp4,lowV_highA,d:/optilab/synchrony/data/videoACCEDE04177.mp4,highV_lowA,diff_affect_diff_name
242,d:/optilab/synchrony/data/videoACCEDE02927.mp4,lowV_highA,d:/optilab/synchrony/data/videoACCEDE01823.mp4,highV_lowA,diff_affect_diff_name
243,d:/optilab/synchrony/data/videoACCEDE09287.mp4,lowV_highA,d:/optilab/synchrony/data/videoACCEDE04847.mp4,highV_highA,diff_affect_diff_name
244,d:/optilab/synchrony/data/videoACCEDE01955.mp4,lowV_highA,d:/optilab/synchrony/data/videoACCEDE06283.mp4,lowV_lowA,diff_affect_diff_name
245,d:/optilab/synchrony/data/videoACCEDE08349.mp4,lowV_highA,d:/optilab/synchrony/data/videoACCEDE03613.mp4,lowV_lowA,diff_affect_diff_name
246,d:/optilab/synchrony/data/videoACCEDE02577.mp4,lowV_highA,d:/optilab/synchrony/data/videoACCEDE03431.mp4,lowV_highA,same_affect_diff_name
247,d:/optilab/synchrony/data/videoACCEDE03399.mp4,lowV_highA,d:/optilab/synchrony/data/videoACCEDE01939.mp4,lowV_lowA,diff_affect_diff_name
248,d:/optilab/synchrony/data/videoACCEDE05350.mp4,lowV_highA,d:/optilab/synchrony/data/videoACCEDE02056.mp4,lowV_lowA,diff_affect_diff_name
249,d:/optilab/synchrony/data/videoACCEDE02096.mp4,lowV_highA,d:/optilab/synchrony/data/videoACCEDE07251.mp4,highV_lowA,diff_affect_diff_name
250,d:/optilab/synchrony/data/videoACCEDE06973.mp4,lowV_highA,d:/optilab/synchrony/data/videoACCEDE07985.mp4,highV_lowA,diff_affect_diff_name
251,d:/optilab/synchrony/data/videoACCEDE07581.mp4,lowV_highA,d:/optilab/synchrony/data/videoACCEDE01683.mp4,highV_lowA,diff_affect_diff_name
252,d:/optilab/synchrony/data/videoACCEDE00917.mp4,lowV_highA,d:/optilab/synchrony/data/videoACCEDE07101.mp4,highV_highA,diff_affect_diff_name
253,d:/optilab/synchrony/data/videoACCEDE02439.mp4,lowV_highA,d:/optilab/synchrony/data/videoACCEDE00210.mp4,highV_highA,diff_affect_diff_name
254,d:/optilab/synchrony/data/videoACCEDE00025.mp4,lowV_highA,d:/optilab/synchrony/data/videoACCEDE07272.mp4,highV_highA,diff_affect_diff_name
255,d:/optilab/synchrony/data/videoACCEDE02568.mp4,lowV_highA,d:/optilab/synchrony/data/videoACCEDE01687.mp4,highV_highA,diff_affect_diff_name
256,d:/optilab/synchrony/data/videoACCEDE04862.mp4,lowV_highA,d:/optilab/synchrony/data/videoACCEDE01328.mp4,highV_lowA,diff_affect_diff_name
257,d:/optilab/synchrony/data/videoACCEDE01228.mp4,lowV_highA,d:/optilab/synchrony/data/videoACCEDE04862.mp4,lowV_highA,same_affect_diff_name
258,d:/optilab/synchrony/data/videoACCEDE03128.mp4,lowV_highA,d:/optilab/synchrony/data/videoACCEDE02702.mp4,highV_highA,diff_affect_diff_name
259,d:/optilab/synchrony/data/videoACCEDE03208.mp4,lowV_highA,d:/optilab/synchrony/data/videoACCEDE02508.mp4,lowV_highA,same_affect_diff_name
260,d:/optilab/synchrony/data/videoACCEDE01236.mp4,lowV_highA,d:/optilab/synchrony/data/videoACCEDE09540.mp4,lowV_lowA,diff_affect_diff_name
261,d:/optilab/synchrony/data/videoACCEDE02922.mp4,lowV_highA,d:/optilab/synchrony/data/videoACCEDE00025.mp4,lowV_highA,same_affect_diff_name
262,d:/optilab/synchrony/data/videoACCEDE00664.mp4,lowV_highA,d:/optilab/synchrony/data/videoACCEDE07117.mp4,highV_highA,diff_affect_diff_name
263,d:/optilab/synchrony/data/videoACCEDE07746.mp4,lowV_highA,d:/optilab/synchrony/data/videoACCEDE06021.mp4,lowV_lowA,diff_affect_diff_name
264,d:/optilab/synchrony/data/videoACCEDE02880.mp4,lowV_highA,d:/optilab/synchrony/data/videoACCEDE04113.mp4,highV_lowA,diff_affect_diff_name
265,d:/optilab/synchrony/data/videoACCEDE08872.mp4,lowV_highA,d:/optilab/synchrony/data/videoACCEDE03647.mp4,lowV_highA,same_affect_diff_name
266,d:/optilab/synchrony/data/videoACCEDE00794.mp4,lowV_highA,d:/optilab/synchrony/data/videoACCEDE00513.mp4,lowV_lowA,diff_affect_diff_name
267,d:/optilab/synchrony/data/videoACCEDE00739.mp4,lowV_highA,d:/optilab/synchrony/data/videoACCEDE03029.mp4,lowV_lowA,diff_affect_diff_name
268,d:/optilab/synchrony/data/videoACCEDE03187.mp4,lowV_highA,d:/optilab/synchrony/data/videoACCEDE00917.mp4,lowV_highA,same_affect_diff_name
269,d:/optilab/synchrony/data/videoACCEDE00415.mp4,lowV_highA,d:/optilab/synchrony/data/videoACCEDE03525.mp4,lowV_lowA,diff_affect_diff_name
270,d:/optilab/synchrony/data/videoACCEDE08395.mp4,lowV_highA,d:/optilab/synchrony/data/videoACCEDE00249.mp4,highV_lowA,diff_affect_diff_name
271,d:/optilab/synchrony/data/videoACCEDE01397.mp4,lowV_highA,d:/optilab/synchrony/data/videoACCEDE07977.mp4,lowV_lowA,diff_affect_diff_name
272,d:/optilab/synchrony/data/videoACCEDE02603.mp4,lowV_highA,d:/optilab/synchrony/data/videoACCEDE00537.mp4,highV_lowA,diff_affect_diff_name
273,d:/optilab/synchrony/data/videoACCEDE07673.mp4,lowV_highA,d:/optilab/synchrony/data/videoACCEDE08699.mp4,highV_lowA,diff_affect_diff_name
274,d:/optilab/synchrony/data/videoACCEDE03269.mp4,lowV_highA,d:/optilab/synchrony/data/videoACCEDE00588.mp4,lowV_lowA,diff_affect_diff_name
275,d:/optilab/synchrony/data/videoACCEDE04200.mp4,lowV_highA,d:/optilab/synchrony/data/videoACCEDE00973.mp4,lowV_highA,same_affect_diff_name
276,d:/optilab/synchrony/data/videoACCEDE03117.mp4,lowV_highA,d:/optilab/synchrony/data/videoACCEDE01269.mp4,lowV_lowA,diff_affect_diff_name
277,d:/optilab/synchrony/data/videoACCEDE02993.mp4,lowV_highA,d:/optilab/synchrony/data/videoACCEDE02112.mp4,lowV_highA,same_affect_diff_name
278,d:/optilab/synchrony/data/videoACCEDE04364.mp4,lowV_highA,d:/optilab/synchrony/data/videoACCEDE01208.mp4,highV_highA,diff_affect_diff_name
279,d:/optilab/synchrony/data/videoACCEDE09674.mp4,lowV_highA,d:/optilab/synchrony/data/videoACCEDE07409.mp4,highV_lowA,diff_affect_diff_name
280,d:/optilab/synchrony/data/videoACCEDE07755.mp4,lowV_highA,d:/optilab/synchrony/data/videoACCEDE02817.mp4,highV_highA,diff_affect_diff_name
281,d:/optilab/synchrony/data/videoACCEDE07781.mp4,lowV_highA,d:/optilab/synchrony/data/videoACCEDE07223.mp4,lowV_highA,same_affect_diff_name
282,d:/optilab/synchrony/data/videoACCEDE04344.mp4,lowV_highA,d:/optilab/synchrony/data/videoACCEDE01558.mp4,highV_highA,diff_affect_diff_name
283,d:/optilab/synchrony/data/videoACCEDE06868.mp4,lowV_highA,d:/optilab/synchrony/data/videoACCEDE00664.mp4,lowV_highA,same_affect_diff_name
284,d:/optilab/synchrony/data/videoACCEDE02765.mp4,lowV_highA,d:/optilab/synchrony/data/videoACCEDE02554.mp4,lowV_highA,same_affect_diff_name
285,d:/optilab/synchrony/data/videoACCEDE07773.mp4,lowV_highA,d:/optilab/synchrony/data/videoACCEDE08463.mp4,lowV_lowA,diff_affect_diff_name
286,d:/optilab/synchrony/data/videoACCEDE02111.mp4,lowV_highA,d:/optilab/synchrony/data/videoACCEDE08736.mp4,highV_highA,diff_affect_diff_name
287,d:/optilab/synchrony/data/videoACCEDE04380.mp4,lowV_highA,d:/optilab/synchrony/data/videoACCEDE07097.mp4,highV_highA,diff_affect_diff_name
288,d:/optilab/synchrony/data/videoACCEDE02518.mp4,lowV_highA,d:/optilab/synchrony/data/videoACCEDE01088.mp4,highV_lowA,diff_affect_diff_name
289,d:/optilab/synchrony/data/videoACCEDE02600.mp4,lowV_highA,d:/optilab/synchrony/data/videoACCEDE01892.mp4,highV_lowA,diff_affect_diff_name
290,d:/optilab/synchrony/data/videoACCEDE07223.mp4,lowV_highA,d:/optilab/synchrony/data/videoACCEDE05645.mp4,lowV_lowA,diff_affect_diff_name
291,d:/optilab/synchrony/data/videoACCEDE06548.mp4,lowV_highA,d:/optilab/synchrony/data/videoACCEDE01610.mp4,highV_lowA,diff_affect_diff_name
292,d:/optilab/synchrony/data/videoACCEDE03438.mp4,lowV_highA,d:/optilab/synchrony/data/videoACCEDE03121.mp4,lowV_lowA,diff_affect_diff_name
293,d:/optilab/synchrony/data/videoACCEDE01272.mp4,lowV_highA,d:/optilab/synchrony/data/videoACCEDE02590.mp4,lowV_lowA,diff_affect_diff_name
294,d:/optilab/synchrony/data/videoACCEDE02708.mp4,lowV_highA,d:/optilab/synchrony/data/videoACCEDE05186.mp4,lowV_lowA,diff_affect_diff_name
295,d:/optilab/synchrony/data/videoACCEDE03647.mp4,lowV_highA,d:/optilab/synchrony/data/videoACCEDE08395.mp4,lowV_highA,same_affect_diff_name
296,d:/optilab/synchrony/data/videoACCEDE00792.mp4,lowV_highA,d:/optilab/synchrony/data/videoACCEDE07025.mp4,highV_lowA,diff_affect_diff_name
297,d:/optilab/synchrony/data/videoACCEDE03431.mp4,lowV_highA,d:/optilab/synchrony/data/videoACCEDE02570.mp4,lowV_lowA,diff_affect_diff_name
298,d:/optilab/synchrony/data/videoACCEDE01287.mp4,lowV_highA,d:/optilab/synchrony/data/videoACCEDE07052.mp4,lowV_lowA,diff_affect_diff_name
299,d:/optilab/synchrony/data/videoACCEDE01039.mp4,lowV_highA,d:/optilab/synchrony/data/videoACCEDE00811.mp4,highV_highA,diff_affect_diff_name
300,d:/optilab/synchrony/data/videoACCEDE01789.mp4,lowV_lowA,d:/optilab/synchrony/data/videoACCEDE00685.mp4,highV_highA,diff_affect_diff_name
301,d:/optilab/synchrony/data/videoACCEDE03464.mp4,lowV_lowA,d:/optilab/synchrony/data/videoACCEDE00159.mp4,highV_lowA,diff_affect_diff_name
302,d:/optilab/synchrony/data/videoACCEDE04323.mp4,lowV_lowA,d:/optilab/synchrony/data/videoACCEDE06525.mp4,highV_lowA,diff_affect_diff_name
303,d:/optilab/synchrony/data/videoACCEDE02469.mp4,lowV_lowA,d:/optilab/synchrony/data/videoACCEDE08887.mp4,highV_highA,diff_affect_diff_name
304,d:/optilab/synchrony/data/videoACCEDE03618.mp4,lowV_lowA,d:/optilab/synchrony/data/videoACCEDE01228.mp4,lowV_highA,diff_affect_diff_name
305,d:/optilab/synchrony/data/videoACCEDE06690.mp4,lowV_lowA,d:/optilab/synchrony/data/videoACCEDE00721.mp4,highV_lowA,diff_affect_diff_name
306,d:/optilab/synchrony/data/videoACCEDE05186.mp4,lowV_lowA,d:/optilab/synchrony/data/videoACCEDE09628.mp4,highV_lowA,diff_affect_diff_name
307,d:/optilab/synchrony/data/videoACCEDE04141.mp4,lowV_lowA,d:/optilab/synchrony/data/videoACCEDE02105.mp4,lowV_highA,diff_affect_diff_name
308,d:/optilab/synchrony/data/videoACCEDE03300.mp4,lowV_lowA,d:/optilab/synchrony/data/videoACCEDE04956.mp4,highV_lowA,diff_affect_diff_name
309,d:/optilab/synchrony/data/videoACCEDE02570.mp4,lowV_lowA,d:/optilab/synchrony/data/videoACCEDE00644.mp4,lowV_lowA,same_affect_diff_name
310,d:/optilab/synchrony/data/videoACCEDE05636.mp4,lowV_lowA,d:/optilab/synchrony/data/videoACCEDE00506.mp4,lowV_lowA,same_affect_diff_name
311,d:/optilab/synchrony/data/videoACCEDE08861.mp4,lowV_lowA,d:/optilab/synchrony/data/videoACCEDE01218.mp4,highV_highA,diff_affect_diff_name
312,d:/optilab/synchrony/data/videoACCEDE04383.mp4,lowV_lowA,d:/optilab/synchrony/data/videoACCEDE07771.mp4,lowV_highA,diff_affect_diff_name
313,d:/optilab/synchrony/data/videoACCEDE05656.mp4,lowV_lowA,d:/optilab/synchrony/data/videoACCEDE02503.mp4,lowV_lowA,same_affect_diff_name
314,d:/optilab/synchrony/data/videoACCEDE00513.mp4,lowV_lowA,d:/optilab/synchrony/data/videoACCEDE04619.mp4,lowV_highA,diff_affect_diff_name
315,d:/optilab/synchrony/data/videoACCEDE05347.mp4,lowV_lowA,d:/optilab/synchrony/data/videoACCEDE04323.mp4,lowV_lowA,same_affect_diff_name
316,d:/optilab/synchrony/data/videoACCEDE04943.mp4,lowV_lowA,d:/optilab/synchrony/data/videoACCEDE02887.mp4,lowV_highA,diff_affect_diff_name
317,d:/optilab/synchrony/data/videoACCEDE02433.mp4,lowV_lowA,d:/optilab/synchrony/data/videoACCEDE06973.mp4,lowV_highA,diff_affect_diff_name
318,d:/optilab/synchrony/data/videoACCEDE00646.mp4,lowV_lowA,d:/optilab/synchrony/data/videoACCEDE01214.mp4,highV_highA,diff_affect_diff_name
319,d:/optilab/synchrony/data/videoACCEDE01050.mp4,lowV_lowA,d:/optilab/synchrony/data/videoACCEDE08437.mp4,lowV_highA,diff_affect_diff_name
320,d:/optilab/synchrony/data/videoACCEDE02590.mp4,lowV_lowA,d:/optilab/synchrony/data/videoACCEDE02568.mp4,lowV_highA,diff_affect_diff_name
321,d:/optilab/synchrony/data/videoACCEDE09540.mp4,lowV_lowA,d:/optilab/synchrony/data/videoACCEDE05341.mp4,lowV_lowA,same_affect_diff_name
322,d:/optilab/synchrony/data/videoACCEDE07144.mp4,lowV_lowA,d:/optilab/synchrony/data/videoACCEDE02558.mp4,lowV_highA,diff_affect_diff_name
323,d:/optilab/synchrony/data/videoACCEDE05099.mp4,lowV_lowA,d:/optilab/synchrony/data/videoACCEDE03464.mp4,lowV_lowA,same_affect_diff_name
324,d:/optilab/synchrony/data/videoACCEDE05967.mp4,lowV_lowA,d:/optilab/synchrony/data/videoACCEDE04962.mp4,lowV_lowA,same_affect_diff_name
325,d:/optilab/synchrony/data/videoACCEDE04134.mp4,lowV_lowA,d:/optilab/synchrony/data/videoACCEDE01423.mp4,lowV_lowA,same_affect_diff_name
326,d:/optilab/synchrony/data/videoACCEDE08463.mp4,lowV_lowA,d:/optilab/synchrony/data/videoACCEDE06752.mp4,highV_lowA,diff_affect_diff_name
327,d:/optilab/synchrony/data/videoACCEDE00588.mp4,lowV_lowA,d:/optilab/synchrony/data/videoACCEDE07673.mp4,lowV_highA,diff_affect_diff_name
328,d:/optilab/synchrony/data/videoACCEDE06442.mp4,lowV_lowA,d:/optilab/synchrony/data/videoACCEDE01263.mp4,lowV_lowA,same_affect_diff_name
329,d:/optilab/synchrony/data/videoACCEDE05310.mp4,lowV_lowA,d:/optilab/synchrony/data/videoACCEDE07128.mp4,highV_lowA,diff_affect_diff_name
330,d:/optilab/synchrony/data/videoACCEDE07864.mp4,lowV_lowA,d:/optilab/synchrony/data/videoACCEDE06959.mp4,lowV_lowA,same_affect_diff_name
331,d:/optilab/synchrony/data/videoACCEDE04830.mp4,lowV_lowA,d:/optilab/synchrony/data/videoACCEDE07831.mp4,lowV_lowA,same_affect_diff_name
332,d:/optilab/synchrony/data/videoACCEDE05497.mp4,lowV_lowA,d:/optilab/synchrony/data/videoACCEDE04395.mp4,highV_highA,diff_affect_diff_name
333,d:/optilab/synchrony/data/videoACCEDE07831.mp4,lowV_lowA,d:/optilab/synchrony/data/videoACCEDE04964.mp4,highV_highA,diff_affect_diff_name
334,d:/optilab/synchrony/data/videoACCEDE06070.mp4,lowV_lowA,d:/optilab/synchrony/data/videoACCEDE04598.mp4,lowV_lowA,same_affect_diff_name
335,d:/optilab/synchrony/data/videoACCEDE09584.mp4,lowV_lowA,d:/optilab/synchrony/data/videoACCEDE02922.mp4,lowV_highA,diff_affect_diff_name
336,d:/optilab/synchrony/data/videoACCEDE04962.mp4,lowV_lowA,d:/optilab/synchrony/data/videoACCEDE07752.mp4,lowV_highA,diff_affect_diff_name
337,d:/optilab/synchrony/data/videoACCEDE00644.mp4,lowV_lowA,d:/optilab/synchrony/data/videoACCEDE00646.mp4,lowV_lowA,same_affect_diff_name
338,d:/optilab/synchrony/data/videoACCEDE04021.mp4,lowV_lowA,d:/optilab/synchrony/data/videoACCEDE04200.mp4,lowV_highA,diff_affect_diff_name
339,d:/optilab/synchrony/data/videoACCEDE02056.mp4,lowV_lowA,d:/optilab/synchrony/data/videoACCEDE07864.mp4,lowV_lowA,same_affect_diff_name
340,d:/optilab/synchrony/data/videoACCEDE05341.mp4,lowV_lowA,d:/optilab/synchrony/data/videoACCEDE05636.mp4,lowV_lowA,same_affect_diff_name
341,d:/optilab/synchrony/data/videoACCEDE04860.mp4,lowV_lowA,d:/optilab/synchrony/data/videoACCEDE01394.mp4,lowV_lowA,same_affect_diff_name
342,d:/optilab/synchrony/data/videoACCEDE05287.mp4,lowV_lowA,d:/optilab/synchrony/data/videoACCEDE00951.mp4,highV_highA,diff_affect_diff_name
343,d:/optilab/synchrony/data/videoACCEDE02241.mp4,lowV_lowA,d:/optilab/synchrony/data/videoACCEDE03438.mp4,lowV_highA,diff_affect_diff_name
344,d:/optilab/synchrony/data/videoACCEDE03207.mp4,lowV_lowA,d:/optilab/synchrony/data/videoACCEDE07755.mp4,lowV_highA,diff_affect_diff_name
345,d:/optilab/synchrony/data/videoACCEDE06021.mp4,lowV_lowA,d:/optilab/synchrony/data/videoACCEDE01207.mp4,highV_highA,diff_affect_diff_name
346,d:/optilab/synchrony/data/videoACCEDE06838.mp4,lowV_lowA,d:/optilab/synchrony/data/videoACCEDE06722.mp4,highV_lowA,diff_affect_diff_name
347,d:/optilab/synchrony/data/videoACCEDE01038.mp4,lowV_lowA,d:/optilab/synchrony/data/videoACCEDE01551.mp4,highV_lowA,diff_affect_diff_name
348,d:/optilab/synchrony/data/videoACCEDE07359.mp4,lowV_lowA,d:/optilab/synchrony/data/videoACCEDE01545.mp4,highV_lowA,diff_affect_diff_name
349,d:/optilab/synchrony/data/videoACCEDE01423.mp4,lowV_lowA,d:/optilab/synchrony/data/videoACCEDE08799.mp4,highV_highA,diff_affect_diff_name
350,d:/optilab/synchrony/data/videoACCEDE00789.mp4,lowV_lowA,d:/optilab/synchrony/data/videoACCEDE08152.mp4,highV_lowA,diff_affect_diff_name
351,d:/optilab/synchrony/data/videoACCEDE01255.mp4,lowV_lowA,d:/optilab/synchrony/data/videoACCEDE08680.mp4,highV_highA,diff_affect_diff_name
352,d:/optilab/synchrony/data/videoACCEDE03525.mp4,lowV_lowA,d:/optilab/synchrony/data/videoACCEDE08375.mp4,highV_highA,diff_affect_diff_name
353,d:/optilab/synchrony/data/videoACCEDE08751.mp4,lowV_lowA,d:/optilab/synchrony/data/videoACCEDE07250.mp4,highV_lowA,diff_affect_diff_name
354,d:/optilab/synchrony/data/videoACCEDE00506.mp4,lowV_lowA,d:/optilab/synchrony/data/videoACCEDE04134.mp4,lowV_lowA,same_affect_diff_name
355,d:/optilab/synchrony/data/videoACCEDE07052.mp4,lowV_lowA,d:/optilab/synchrony/data/videoACCEDE04589.mp4,lowV_lowA,same_affect_diff_name
356,d:/optilab/synchrony/data/videoACCEDE01263.mp4,lowV_lowA,d:/optilab/synchrony/data/videoACCEDE08583.mp4,highV_lowA,diff_affect_diff_name
357,d:/optilab/synchrony/data/videoACCEDE02551.mp4,lowV_lowA,d:/optilab/synchrony/data/videoACCEDE05359.mp4,highV_lowA,diff_affect_diff_name
358,d:/optilab/synchrony/data/videoACCEDE04042.mp4,lowV_lowA,d:/optilab/synchrony/data/videoACCEDE08582.mp4,highV_lowA,diff_affect_diff_name
359,d:/optilab/synchrony/data/videoACCEDE04359.mp4,lowV_lowA,d:/optilab/synchrony/data/videoACCEDE03618.mp4,lowV_lowA,same_affect_diff_name
360,d:/optilab/synchrony/data/videoACCEDE07166.mp4,lowV_lowA,d:/optilab/synchrony/data/videoACCEDE00939.mp4,lowV_highA,diff_affect_diff_name
361,d:/optilab/synchrony/data/videoACCEDE05058.mp4,lowV_lowA,d:/optilab/synchrony/data/videoACCEDE00794.mp4,lowV_highA,diff_affect_diff_name
362,d:/optilab/synchrony/data/videoACCEDE01269.mp4,lowV_lowA,d:/optilab/synchrony/data/videoACCEDE03928.mp4,highV_highA,diff_affect_diff_name
363,d:/optilab/synchrony/data/videoACCEDE04281.mp4,lowV_lowA,d:/optilab/synchrony/data/videoACCEDE00789.mp4,lowV_lowA,same_affect_diff_name
364,d:/optilab/synchrony/data/videoACCEDE03613.mp4,lowV_lowA,d:/optilab/synchrony/data/videoACCEDE04281.mp4,lowV_lowA,same_affect_diff_name
365,d:/optilab/synchrony/data/videoACCEDE04823.mp4,lowV_lowA,d:/optilab/synchrony/data/videoACCEDE07166.mp4,lowV_lowA,same_affect_diff_name
366,d:/optilab/synchrony/data/videoACCEDE03048.mp4,lowV_lowA,d:/optilab/synchrony/data/videoACCEDE01804.mp4,highV_highA,diff_affect_diff_name
367,d:/optilab/synchrony/data/videoACCEDE01394.mp4,lowV_lowA,d:/optilab/synchrony/data/videoACCEDE04996.mp4,highV_lowA,diff_affect_diff_name
368,d:/optilab/synchrony/data/videoACCEDE00407.mp4,lowV_lowA,d:/optilab/synchrony/data/videoACCEDE06597.mp4,highV_lowA,diff_affect_diff_name
369,d:/optilab/synchrony/data/videoACCEDE02537.mp4,lowV_lowA,d:/optilab/synchrony/data/videoACCEDE07983.mp4,lowV_lowA,same_affect_diff_name
370,d:/optilab/synchrony/data/videoACCEDE04165.mp4,lowV_lowA,d:/optilab/synchrony/data/videoACCEDE02621.mp4,highV_lowA,diff_affect_diff_name
371,d:/optilab/synchrony/data/videoACCEDE04589.mp4,lowV_lowA,d:/optilab/synchrony/data/videoACCEDE01236.mp4,lowV_highA,diff_affect_diff_name
372,d:/optilab/synchrony/data/videoACCEDE04955.mp4,lowV_lowA,d:/optilab/synchrony/data/videoACCEDE02993.mp4,lowV_highA,diff_affect_diff_name
373,d:/optilab/synchrony/data/videoACCEDE03317.mp4,lowV_lowA,d:/optilab/synchrony/data/videoACCEDE00535.mp4,highV_lowA,diff_affect_diff_name
374,d:/optilab/synchrony/data/videoACCEDE03914.mp4,lowV_lowA,d:/optilab/synchrony/data/videoACCEDE05099.mp4,lowV_lowA,same_affect_diff_name
375,d:/optilab/synchrony/data/videoACCEDE03027.mp4,lowV_lowA,d:/optilab/synchrony/data/videoACCEDE09031.mp4,highV_lowA,diff_affect_diff_name
376,d:/optilab/synchrony/data/videoACCEDE07960.mp4,lowV_lowA,d:/optilab/synchrony/data/videoACCEDE06645.mp4,highV_highA,diff_affect_diff_name
377,d:/optilab/synchrony/data/videoACCEDE00874.mp4,lowV_lowA,d:/optilab/synchrony/data/videoACCEDE05629.mp4,highV_highA,diff_affect_diff_name
378,d:/optilab/synchrony/data/videoACCEDE04598.mp4,lowV_lowA,d:/optilab/synchrony/data/videoACCEDE06625.mp4,highV_highA,diff_affect_diff_name
379,d:/optilab/synchrony/data/videoACCEDE05645.mp4,lowV_lowA,d:/optilab/synchrony/data/videoACCEDE01188.mp4,highV_highA,diff_affect_diff_name
380,d:/optilab/synchrony/data/videoACCEDE06162.mp4,lowV_lowA,d:/optilab/synchrony/data/videoACCEDE09207.mp4,highV_lowA,diff_affect_diff_name
381,d:/optilab/synchrony/data/videoACCEDE03121.mp4,lowV_lowA,d:/optilab/synchrony/data/videoACCEDE01090.mp4,highV_lowA,diff_affect_diff_name
382,d:/optilab/synchrony/data/videoACCEDE05575.mp4,lowV_lowA,d:/optilab/synchrony/data/videoACCEDE07161.mp4,lowV_highA,diff_affect_diff_name
383,d:/optilab/synchrony/data/videoACCEDE03029.mp4,lowV_lowA,d:/optilab/synchrony/data/videoACCEDE01373.mp4,highV_highA,diff_affect_diff_name
384,d:/optilab/synchrony/data/videoACCEDE09417.mp4,lowV_lowA,d:/optilab/synchrony/data/videoACCEDE03117.mp4,lowV_highA,diff_affect_diff_name
385,d:/optilab/synchrony/data/videoACCEDE08025.mp4,lowV_lowA,d:/optilab/synchrony/data/videoACCEDE05575.mp4,lowV_lowA,same_affect_diff_name
386,d:/optilab/synchrony/data/videoACCEDE01939.mp4,lowV_lowA,d:/optilab/synchrony/data/videoACCEDE01955.mp4,lowV_highA,diff_affect_diff_name
387,d:/optilab/synchrony/data/videoACCEDE06283.mp4,lowV_lowA,d:/optilab/synchrony/data/videoACCEDE07390.mp4,highV_lowA,diff_affect_diff_name
388,d:/optilab/synchrony/data/videoACCEDE04851.mp4,lowV_lowA,d:/optilab/synchrony/data/videoACCEDE07243.mp4,highV_lowA,diff_affect_diff_name
389,d:/optilab/synchrony/data/videoACCEDE07977.mp4,lowV_lowA,d:/optilab/synchrony/data/videoACCEDE04535.mp4,highV_highA,diff_affect_diff_name
390,d:/optilab/synchrony/data/videoACCEDE00425.mp4,lowV_lowA,d:/optilab/synchrony/data/videoACCEDE08857.mp4,highV_highA,diff_affect_diff_name
391,d:/optilab/synchrony/data/videoACCEDE00784.mp4,lowV_lowA,d:/optilab/synchrony/data/videoACCEDE03207.mp4,lowV_lowA,same_affect_diff_name
392,d:/optilab/synchrony/data/videoACCEDE07907.mp4,lowV_lowA,d:/optilab/synchrony/data/videoACCEDE07099.mp4,highV_lowA,diff_affect_diff_name
393,d:/optilab/synchrony/data/videoACCEDE07760.mp4,lowV_lowA,d:/optilab/synchrony/data/videoACCEDE01356.mp4,highV_lowA,diff_affect_diff_name
394,d:/optilab/synchrony/data/videoACCEDE05106.mp4,lowV_lowA,d:/optilab/synchrony/data/videoACCEDE00792.mp4,lowV_highA,diff_affect_diff_name
395,d:/optilab/synchrony/data/videoACCEDE01926.mp4,lowV_lowA,d:/optilab/synchrony/data/videoACCEDE04314.mp4,highV_lowA,diff_affect_diff_name
396,d:/optilab/synchrony/data/videoACCEDE02503.mp4,lowV_lowA,d:/optilab/synchrony/data/videoACCEDE09480.mp4,highV_lowA,diff_affect_diff_name
397,d:/optilab/synchrony/data/videoACCEDE07983.mp4,lowV_lowA,d:/optilab/synchrony/data/videoACCEDE07746.mp4,lowV_highA,diff_affect_diff_name
398,d:/optilab/synchrony/data/videoACCEDE06959.mp4,lowV_lowA,d:/optilab/synchrony/data/videoACCEDE00542.mp4,highV_lowA,diff_affect_diff_name
399,d:/optilab/synchrony/data/videoACCEDE01231.mp4,lowV_lowA,d:/optilab/synchrony/data/videoACCEDE01742.mp4,highV_lowA,diff_affect_diff_name
